IncidentId,IncidentNumber,Park,Zone,Ride,Ticket,ReportedEmployee,IncidentAt,IncidentType,Severity,Status,ImpactMinutes,Description,ResolutionSummary
1,INC0000001,6,11,,4064,396,2026-05-26T21:27:00Z,LOST_CHILD,LOW,RESOLVED,13,child location support requested after queue handoff confusion,child was reunited with party after radio-assisted zone sweep
2,INC0000002,6,14,68,1802,332,2026-07-08T23:05:00Z,QUEUE_DISRUPTION,MEDIUM,RESOLVED,33,boarding lane disruption caused temporary hold at the platform,extra attendants reopened the merge lane and stabilized throughput
3,INC0000003,4,20,,,279,2026-05-11T20:41:00Z,FOOD_SPILL,MEDIUM,RESOLVED,21,condiment spill prompted rapid response from custodial crew,temporary routing was removed after cleanup inspection
4,INC0000004,3,29,,,167,2026-05-08T12:40:00Z,LOST_CHILD,LOW,RESOLVED,17,guardian reported missing child near a parade crossover point,the park-wide locate protocol resolved the incident within minutes
5,INC0000005,6,14,14,3450,332,2026-06-15T10:46:00Z,QUEUE_DISRUPTION,LOW,RESOLVED,12,queue line stalled after merge-point crowding increased wait times,queue control adjustments cleared the bottleneck
6,INC0000006,4,18,,,26,2026-07-11T21:03:00Z,GUEST_MEDICAL,MEDIUM,RESOLVED,50,guest reported dizziness while exiting the attraction,medical response closed the incident after hydration and observation
7,INC0000007,6,14,,1579,394,2026-06-21T21:58:00Z,FOOD_SPILL,CRITICAL,RESOLVED,167,condiment spill prompted rapid response from custodial crew,temporary routing was removed after cleanup inspection
8,INC0000008,5,5,46,,172,2026-05-26T22:53:00Z,RIDE_OUTAGE,LOW,RESOLVED,12,ride dispatch paused after restraint sensor mismatch,ride reopened after sensor calibration and supervisor sign-off
9,INC0000009,6,13,,,2,2026-05-11T02:56:00Z,SECURITY_ESCALATION,HIGH,RESOLVED,42,restricted-area access attempt triggered a localized security hold,supervisor intervention de-escalated the guest interaction without further disruption
10,INC0000010,3,8,,,197,2026-07-12T18:15:00Z,LOST_CHILD,LOW,RESOLVED,21,party separation reported near the character greeting area,child was reunited with party after radio-assisted zone sweep
11,INC0000011,3,26,,2329,361,2026-05-30T09:53:00Z,LOST_CHILD,LOW,RESOLVED,13,guardian reported missing child near a parade crossover point,child was reunited with party after radio-assisted zone sweep
12,INC0000012,4,18,,,25,2026-05-05T16:03:00Z,GUEST_MEDICAL,MEDIUM,RESOLVED,42,minor first-aid event reported near the attraction exit,first-aid team completed assessment and escorted the guest to rest area
13,INC0000013,6,14,,,184,2026-06-03T15:21:00Z,GUEST_MEDICAL,HIGH,RESOLVED,107,minor first-aid event reported near the attraction exit,guest party received follow-up support and relocation assistance
14,INC0000014,5,12,,3518,418,2026-07-09T11:44:00Z,FOOD_SPILL,LOW,RESOLVED,17,walkway cleanup required after beverage spill near ride exit,the spill response team cleared the hazard and restored access
15,INC0000015,2,16,83,3268,169,2026-05-26T11:47:00Z,WEATHER_DELAY,HIGH,RESOLVED,94,ride suspended after lightning alert reached the park perimeter,park operations delayed reopening until wind readings normalized
16,INC0000016,2,30,104,3965,265,2026-08-21T20:27:00Z,WEATHER_DELAY,HIGH,RESOLVED,47,storm band forced temporary outdoor attraction shutdown,park operations delayed reopening until wind readings normalized
17,INC0000017,5,9,,924,51,2026-08-19T15:22:00Z,COSTUME_MALFUNCTION,CRITICAL,RESOLVED,212,character performer requested backstage relief after visibility issue,entertainment leadership moved the greeting indoors and completed the set
18,INC0000018,4,18,,784,162,2026-05-02T19:00:00Z,LOST_CHILD,LOW,RESOLVED,8,guardian reported missing child near a parade crossover point,guest relations completed identity verification and family reunification
19,INC0000019,1,27,,,8,2026-06-25T10:18:00Z,GUEST_MEDICAL,LOW,RESOLVED,10,minor first-aid event reported near the attraction exit,guest party received follow-up support and relocation assistance
20,INC0000020,4,1,,,129,2026-05-21T16:35:00Z,FOOD_SPILL,MEDIUM,RESOLVED,46,condiment spill prompted rapid response from custodial crew,the spill response team cleared the hazard and restored access
21,INC0000021,3,3,,,68,2026-08-27T15:31:00Z,SECURITY_ESCALATION,HIGH,RESOLVED,110,restricted-area access attempt triggered a localized security hold,the incident was documented and the zone reopened after clearance
22,INC0000022,1,27,,,209,2026-06-14T23:00:00Z,GUEST_MEDICAL,CRITICAL,CLOSED_WITH_FOLLOWUP,239,guest reported dizziness while exiting the attraction,guest party received follow-up support and relocation assistance
23,INC0000023,2,4,80,,370,2026-08-08T09:14:00Z,QUEUE_DISRUPTION,LOW,RESOLVED,14,queue line stalled after merge-point crowding increased wait times,queue control adjustments cleared the bottleneck
24,INC0000024,1,25,24,,107,2026-07-03T00:45:00Z,QUEUE_DISRUPTION,LOW,RESOLVED,12,boarding lane disruption caused temporary hold at the platform,queue control adjustments cleared the bottleneck
25,INC0000025,1,23,,,407,2026-05-15T18:40:00Z,LOST_CHILD,MEDIUM,RESOLVED,53,guardian reported missing child near a parade crossover point,guest relations completed identity verification and family reunification
26,INC0000026,1,2,99,,368,2026-06-06T22:21:00Z,WEATHER_DELAY,CRITICAL,RESOLVED,174,operations paused because wind gusts exceeded operating limits,park operations delayed reopening until wind readings normalized
27,INC0000027,5,10,36,1720,299,2026-06-07T16:53:00Z,RIDE_OUTAGE,LOW,RESOLVED,10,ride control panel triggered a protective shutdown during load,ride reopened after sensor calibration and supervisor sign-off
28,INC0000028,3,8,98,2327,321,2026-06-12T20:43:00Z,RIDE_OUTAGE,HIGH,RESOLVED,97,ride control panel triggered a protective shutdown during load,maintenance reset the affected train and completed a test cycle
29,INC0000029,6,28,64,1809,394,2026-05-02T00:28:00Z,WEATHER_DELAY,LOW,RESOLVED,18,ride suspended after lightning alert reached the park perimeter,operations resumed after the weather window cleared and all checks passed
30,INC0000030,6,28,64,,203,2026-05-02T22:22:00Z,RIDE_OUTAGE,MEDIUM,RESOLVED,20,ride dispatch paused after restraint sensor mismatch,maintenance reset the affected train and completed a test cycle
31,INC0000031,3,3,107,1338,387,2026-06-16T03:28:00Z,RIDE_OUTAGE,LOW,RESOLVED,23,ride control panel triggered a protective shutdown during load,maintenance reset the affected train and completed a test cycle
32,INC0000032,3,3,107,1527,182,2026-05-27T22:23:00Z,QUEUE_DISRUPTION,LOW,RESOLVED,19,queue line stalled after merge-point crowding increased wait times,queue control adjustments cleared the bottleneck
33,INC0000033,4,18,,2030,129,2026-07-05T00:26:00Z,COSTUME_MALFUNCTION,CRITICAL,RESOLVED,197,costume zipper failure interrupted the scheduled meet-and-greet,entertainment leadership moved the greeting indoors and completed the set
34,INC0000034,5,19,47,2787,5,2026-08-12T13:48:00Z,QUEUE_DISRUPTION,MEDIUM,RESOLVED,46,boarding lane disruption caused temporary hold at the platform,staff rerouted the queue and restored dispatch rhythm
35,INC0000035,4,20,62,,279,2026-07-02T20:49:00Z,WEATHER_DELAY,LOW,RESOLVED,9,operations paused because wind gusts exceeded operating limits,park operations delayed reopening until wind readings normalized
36,INC0000036,1,25,31,573,374,2026-05-17T20:33:00Z,QUEUE_DISRUPTION,MEDIUM,RESOLVED,52,boarding lane disruption caused temporary hold at the platform,staff rerouted the queue and restored dispatch rhythm
37,INC0000037,3,26,,,289,2026-08-14T19:09:00Z,GUEST_MEDICAL,MEDIUM,RESOLVED,44,guest reported dizziness while exiting the attraction,guest party received follow-up support and relocation assistance
38,INC0000038,2,6,12,,39,2026-06-26T21:10:00Z,QUEUE_DISRUPTION,LOW,RESOLVED,12,boarding lane disruption caused temporary hold at the platform,staff rerouted the queue and restored dispatch rhythm
39,INC0000039,4,20,53,,32,2026-05-12T04:33:00Z,RIDE_OUTAGE,MEDIUM,RESOLVED,54,ride control panel triggered a protective shutdown during load,maintenance reset the affected train and completed a test cycle
40,INC0000040,1,2,99,,388,2026-06-25T20:56:00Z,WEATHER_DELAY,MEDIUM,RESOLVED,45,operations paused because wind gusts exceeded operating limits,park operations delayed reopening until wind readings normalized
41,INC0000041,6,28,64,,203,2026-08-07T13:36:00Z,WEATHER_DELAY,CRITICAL,RESOLVED,108,storm band forced temporary outdoor attraction shutdown,affected guests received recovery entitlements during the delay window
42,INC0000042,1,27,,,173,2026-06-14T00:02:00Z,LOST_CHILD,MEDIUM,RESOLVED,35,child location support requested after queue handoff confusion,the park-wide locate protocol resolved the incident within minutes
43,INC0000043,6,11,81,,164,2026-08-11T02:07:00Z,QUEUE_DISRUPTION,HIGH,RESOLVED,86,boarding lane disruption caused temporary hold at the platform,queue control adjustments cleared the bottleneck
44,INC0000044,4,18,56,,311,2026-05-02T21:09:00Z,QUEUE_DISRUPTION,LOW,RESOLVED,24,guest flow backed up near accessibility entrance and dispatch lane,extra attendants reopened the merge lane and stabilized throughput
45,INC0000045,5,12,,1117,216,2026-06-30T09:57:00Z,SECURITY_ESCALATION,MEDIUM,RESOLVED,35,guest behavior required supervisor and security response,the incident was documented and the zone reopened after clearance
46,INC0000046,1,2,,,407,2026-07-16T06:04:00Z,LOST_CHILD,MEDIUM,RESOLVED,28,party separation reported near the character greeting area,the park-wide locate protocol resolved the incident within minutes
47,INC0000047,5,12,,1704,108,2026-08-18T13:42:00Z,FOOD_SPILL,MEDIUM,RESOLVED,38,walkway cleanup required after beverage spill near ride exit,temporary routing was removed after cleanup inspection
48,INC0000048,3,26,,3967,128,2026-08-24T17:43:00Z,FOOD_SPILL,MEDIUM,RESOLVED,34,walkway cleanup required after beverage spill near ride exit,custodial staff sanitized the area and reopened the walkway
49,INC0000049,3,8,,3432,405,2026-05-09T17:11:00Z,GUEST_MEDICAL,LOW,RESOLVED,9,minor first-aid event reported near the attraction exit,medical response closed the incident after hydration and observation
50,INC0000050,6,24,110,1206,281,2026-06-06T19:34:00Z,WEATHER_DELAY,MEDIUM,RESOLVED,28,ride suspended after lightning alert reached the park perimeter,operations resumed after the weather window cleared and all checks passed
51,INC0000051,1,2,71,,352,2026-07-03T08:07:00Z,WEATHER_DELAY,LOW,RESOLVED,11,operations paused because wind gusts exceeded operating limits,affected guests received recovery entitlements during the delay window
52,INC0000052,4,15,19,,322,2026-07-03T06:56:00Z,RIDE_OUTAGE,HIGH,RESOLVED,106,vehicle cycle stopped for repeated lap-bar fault signal,ops transferred guests to alternate attractions with recovery passes
53,INC0000053,1,23,,,161,2026-08-20T23:36:00Z,SECURITY_ESCALATION,CRITICAL,RESOLVED,220,guest behavior required supervisor and security response,the incident was documented and the zone reopened after clearance
54,INC0000054,1,27,26,,300,2026-06-05T01:10:00Z,RIDE_OUTAGE,LOW,RESOLVED,24,ride dispatch paused after restraint sensor mismatch,ride reopened after sensor calibration and supervisor sign-off
55,INC0000055,2,4,,,293,2026-08-02T16:49:00Z,SECURITY_ESCALATION,LOW,RESOLVED,12,restricted-area access attempt triggered a localized security hold,security resolved the situation and released the area back to operations
56,INC0000056,1,25,33,,209,2026-06-01T17:37:00Z,QUEUE_DISRUPTION,CRITICAL,RESOLVED,151,guest flow backed up near accessibility entrance and dispatch lane,extra attendants reopened the merge lane and stabilized throughput
57,INC0000057,6,13,,1629,203,2026-06-13T16:02:00Z,SECURITY_ESCALATION,MEDIUM,RESOLVED,18,bag-screening disagreement escalated at the zone entry point,supervisor intervention de-escalated the guest interaction without further disruption
58,INC0000058,2,6,12,2614,28,2026-06-08T18:02:00Z,RIDE_OUTAGE,HIGH,RESOLVED,109,vehicle cycle stopped for repeated lap-bar fault signal,ride reopened after sensor calibration and supervisor sign-off
59,INC0000059,2,30,,,343,2026-06-17T23:50:00Z,COSTUME_MALFUNCTION,HIGH,RESOLVED,37,mascot costume cooling unit failed during outdoor appearance,the appearance was rescheduled and affected guests received digital recovery cards
60,INC0000060,1,23,,,380,2026-06-05T05:07:00Z,LOST_CHILD,MEDIUM,RESOLVED,18,guardian reported missing child near a parade crossover point,guest relations completed identity verification and family reunification
61,INC0000061,6,13,11,1131,61,2026-08-07T16:36:00Z,RIDE_OUTAGE,MEDIUM,RESOLVED,22,vehicle cycle stopped for repeated lap-bar fault signal,ops transferred guests to alternate attractions with recovery passes
62,INC0000062,1,25,24,3742,72,2026-08-06T00:47:00Z,QUEUE_DISRUPTION,CRITICAL,RESOLVED,225,guest flow backed up near accessibility entrance and dispatch lane,queue control adjustments cleared the bottleneck
63,INC0000063,6,28,64,,414,2026-06-01T15:20:00Z,QUEUE_DISRUPTION,HIGH,RESOLVED,89,boarding lane disruption caused temporary hold at the platform,extra attendants reopened the merge lane and stabilized throughput
64,INC0000064,6,13,,,394,2026-07-17T13:10:00Z,GUEST_MEDICAL,MEDIUM,RESOLVED,44,guest reported dizziness while exiting the attraction,first-aid team completed assessment and escorted the guest to rest area
65,INC0000065,1,2,,,386,2026-06-22T20:02:00Z,GUEST_MEDICAL,LOW,RESOLVED,20,queue guest requested assistance after heat-related fatigue,guest party received follow-up support and relocation assistance
66,INC0000066,6,24,85,2121,319,2026-08-03T00:27:00Z,WEATHER_DELAY,HIGH,RESOLVED,77,storm band forced temporary outdoor attraction shutdown,affected guests received recovery entitlements during the delay window
67,INC0000067,2,6,27,,100,2026-06-29T19:56:00Z,RIDE_OUTAGE,CRITICAL,ESCALATED,167,ride dispatch paused after restraint sensor mismatch,ride reopened after sensor calibration and supervisor sign-off
68,INC0000068,2,4,,,104,2026-05-24T18:40:00Z,GUEST_MEDICAL,MEDIUM,RESOLVED,45,minor first-aid event reported near the attraction exit,first-aid team completed assessment and escorted the guest to rest area
69,INC0000069,3,3,3,,362,2026-06-28T23:54:00Z,RIDE_OUTAGE,MEDIUM,RESOLVED,27,ride control panel triggered a protective shutdown during load,ops transferred guests to alternate attractions with recovery passes
70,INC0000070,6,14,,,87,2026-05-30T06:14:00Z,COSTUME_MALFUNCTION,LOW,RESOLVED,24,costume zipper failure interrupted the scheduled meet-and-greet,costuming swapped the performer into a backup suit and resumed appearances
71,INC0000071,5,12,,,159,2026-06-04T00:50:00Z,GUEST_MEDICAL,LOW,RESOLVED,20,guest reported dizziness while exiting the attraction,guest party received follow-up support and relocation assistance
72,INC0000072,5,21,112,,264,2026-08-16T15:06:00Z,RIDE_OUTAGE,HIGH,RESOLVED,112,ride control panel triggered a protective shutdown during load,ride reopened after sensor calibration and supervisor sign-off
73,INC0000073,1,27,,70,300,2026-05-05T02:53:00Z,FOOD_SPILL,LOW,RESOLVED,15,walkway cleanup required after beverage spill near ride exit,custodial staff sanitized the area and reopened the walkway
74,INC0000074,2,6,,,314,2026-08-15T17:14:00Z,COSTUME_MALFUNCTION,MEDIUM,RESOLVED,53,character performer requested backstage relief after visibility issue,costuming swapped the performer into a backup suit and resumed appearances
75,INC0000075,2,6,12,559,160,2026-05-25T00:04:00Z,QUEUE_DISRUPTION,HIGH,RESOLVED,71,queue line stalled after merge-point crowding increased wait times,extra attendants reopened the merge lane and stabilized throughput
76,INC0000076,1,23,,,364,2026-07-14T06:07:00Z,SECURITY_ESCALATION,LOW,RESOLVED,22,restricted-area access attempt triggered a localized security hold,supervisor intervention de-escalated the guest interaction without further disruption
77,INC0000077,1,27,95,,380,2026-08-27T21:39:00Z,RIDE_OUTAGE,LOW,RESOLVED,10,ride dispatch paused after restraint sensor mismatch,maintenance reset the affected train and completed a test cycle
78,INC0000078,5,5,,,375,2026-06-22T06:46:00Z,FOOD_SPILL,CRITICAL,RESOLVED,191,food cart overflow caused temporary slip-hazard closure,the spill response team cleared the hazard and restored access
79,INC0000079,4,15,19,3108,93,2026-06-23T16:01:00Z,WEATHER_DELAY,HIGH,RESOLVED,52,ride suspended after lightning alert reached the park perimeter,operations resumed after the weather window cleared and all checks passed
80,INC0000080,3,8,,,400,2026-06-23T15:16:00Z,SECURITY_ESCALATION,MEDIUM,RESOLVED,22,restricted-area access attempt triggered a localized security hold,security resolved the situation and released the area back to operations
81,INC0000081,1,2,99,,364,2026-08-14T21:16:00Z,QUEUE_DISRUPTION,CRITICAL,CLOSED_WITH_FOLLOWUP,237,boarding lane disruption caused temporary hold at the platform,queue control adjustments cleared the bottleneck
82,INC0000082,6,11,52,,64,2026-05-13T21:39:00Z,RIDE_OUTAGE,HIGH,RESOLVED,113,vehicle cycle stopped for repeated lap-bar fault signal,ride reopened after sensor calibration and supervisor sign-off
83,INC0000083,2,4,2,2492,100,2026-06-09T17:57:00Z,RIDE_OUTAGE,HIGH,RESOLVED,54,ride control panel triggered a protective shutdown during load,maintenance reset the affected train and completed a test cycle
84,INC0000084,4,15,,1256,322,2026-08-14T13:24:00Z,LOST_CHILD,LOW,RESOLVED,22,child location support requested after queue handoff confusion,guest relations completed identity verification and family reunification
85,INC0000085,1,23,54,,320,2026-05-29T01:23:00Z,QUEUE_DISRUPTION,CRITICAL,RESOLVED,220,queue line stalled after merge-point crowding increased wait times,staff rerouted the queue and restored dispatch rhythm
86,INC0000086,4,20,77,674,144,2026-06-03T17:38:00Z,RIDE_OUTAGE,LOW,RESOLVED,15,ride dispatch paused after restraint sensor mismatch,ride reopened after sensor calibration and supervisor sign-off
87,INC0000087,5,19,47,1193,299,2026-05-28T16:05:00Z,WEATHER_DELAY,CRITICAL,RESOLVED,150,storm band forced temporary outdoor attraction shutdown,operations resumed after the weather window cleared and all checks passed
88,INC0000088,5,19,,432,186,2026-05-22T09:16:00Z,SECURITY_ESCALATION,MEDIUM,RESOLVED,41,bag-screening disagreement escalated at the zone entry point,security resolved the situation and released the area back to operations
89,INC0000089,1,23,59,,270,2026-06-22T17:44:00Z,QUEUE_DISRUPTION,HIGH,RESOLVED,117,boarding lane disruption caused temporary hold at the platform,queue control adjustments cleared the bottleneck
90,INC0000090,4,20,,,286,2026-06-28T20:17:00Z,LOST_CHILD,MEDIUM,RESOLVED,21,child location support requested after queue handoff confusion,the park-wide locate protocol resolved the incident within minutes
91,INC0000091,1,27,,2747,386,2026-07-19T11:25:00Z,GUEST_MEDICAL,LOW,RESOLVED,24,guest reported dizziness while exiting the attraction,guest party received follow-up support and relocation assistance
92,INC0000092,3,7,74,4085,276,2026-05-01T12:25:00Z,RIDE_OUTAGE,LOW,RESOLVED,16,vehicle cycle stopped for repeated lap-bar fault signal,ride reopened after sensor calibration and supervisor sign-off
93,INC0000093,1,23,103,,351,2026-08-12T18:34:00Z,WEATHER_DELAY,CRITICAL,ESCALATED,175,operations paused because wind gusts exceeded operating limits,park operations delayed reopening until wind readings normalized
94,INC0000094,4,15,19,,283,2026-06-19T19:27:00Z,WEATHER_DELAY,MEDIUM,RESOLVED,22,operations paused because wind gusts exceeded operating limits,park operations delayed reopening until wind readings normalized
95,INC0000095,2,6,27,3439,338,2026-08-10T01:36:00Z,RIDE_OUTAGE,LOW,RESOLVED,17,ride control panel triggered a protective shutdown during load,ops transferred guests to alternate attractions with recovery passes
96,INC0000096,2,30,,1415,47,2026-07-06T19:34:00Z,COSTUME_MALFUNCTION,MEDIUM,RESOLVED,34,character performer requested backstage relief after visibility issue,costuming swapped the performer into a backup suit and resumed appearances
97,INC0000097,2,4,17,,100,2026-07-08T01:30:00Z,RIDE_OUTAGE,HIGH,RESOLVED,35,ride control panel triggered a protective shutdown during load,ops transferred guests to alternate attractions with recovery passes
98,INC0000098,2,30,90,,171,2026-06-03T03:43:00Z,RIDE_OUTAGE,LOW,RESOLVED,20,vehicle cycle stopped for repeated lap-bar fault signal,ride reopened after sensor calibration and supervisor sign-off
99,INC0000099,6,14,,,392,2026-06-02T14:33:00Z,GUEST_MEDICAL,HIGH,RESOLVED,84,queue guest requested assistance after heat-related fatigue,medical response closed the incident after hydration and observation
100,INC0000100,3,29,20,3632,23,2026-08-12T02:45:00Z,RIDE_OUTAGE,LOW,RESOLVED,21,vehicle cycle stopped for repeated lap-bar fault signal,maintenance reset the affected train and completed a test cycle
101,INC0000101,4,18,,,311,2026-06-27T17:14:00Z,LOST_CHILD,CRITICAL,UNDER_REVIEW,151,party separation reported near the character greeting area,the park-wide locate protocol resolved the incident within minutes
102,INC0000102,5,17,,1719,410,2026-05-29T22:17:00Z,FOOD_SPILL,LOW,RESOLVED,23,condiment spill prompted rapid response from custodial crew,temporary routing was removed after cleanup inspection
103,INC0000103,5,12,,1460,350,2026-05-23T22:42:00Z,COSTUME_MALFUNCTION,HIGH,RESOLVED,50,character performer requested backstage relief after visibility issue,the appearance was rescheduled and affected guests received digital recovery cards
104,INC0000104,2,4,2,,271,2026-07-21T22:34:00Z,QUEUE_DISRUPTION,LOW,RESOLVED,19,queue line stalled after merge-point crowding increased wait times,staff rerouted the queue and restored dispatch rhythm
105,INC0000105,6,13,11,2777,149,2026-06-01T18:15:00Z,RIDE_OUTAGE,CRITICAL,RESOLVED,178,ride control panel triggered a protective shutdown during load,maintenance reset the affected train and completed a test cycle
106,INC0000106,3,7,,,143,2026-06-09T00:12:00Z,COSTUME_MALFUNCTION,CRITICAL,CLOSED_WITH_FOLLOWUP,119,mascot costume cooling unit failed during outdoor appearance,entertainment leadership moved the greeting indoors and completed the set
107,INC0000107,6,14,14,1014,61,2026-06-02T01:17:00Z,QUEUE_DISRUPTION,HIGH,RESOLVED,71,boarding lane disruption caused temporary hold at the platform,queue control adjustments cleared the bottleneck
108,INC0000108,2,16,,,100,2026-08-22T15:39:00Z,LOST_CHILD,LOW,RESOLVED,12,child location support requested after queue handoff confusion,child was reunited with party after radio-assisted zone sweep
109,INC0000109,3,26,,,303,2026-05-24T22:16:00Z,FOOD_SPILL,HIGH,RESOLVED,53,food cart overflow caused temporary slip-hazard closure,custodial staff sanitized the area and reopened the walkway
110,INC0000110,5,12,,141,216,2026-06-26T17:18:00Z,LOST_CHILD,MEDIUM,RESOLVED,25,guardian reported missing child near a parade crossover point,the park-wide locate protocol resolved the incident within minutes
111,INC0000111,5,22,,2077,369,2026-07-01T15:51:00Z,GUEST_MEDICAL,LOW,RESOLVED,12,minor first-aid event reported near the attraction exit,first-aid team completed assessment and escorted the guest to rest area
112,INC0000112,4,18,56,2639,138,2026-06-29T22:57:00Z,QUEUE_DISRUPTION,LOW,RESOLVED,20,guest flow backed up near accessibility entrance and dispatch lane,staff rerouted the queue and restored dispatch rhythm
113,INC0000113,4,18,,3819,13,2026-07-31T02:37:00Z,FOOD_SPILL,MEDIUM,RESOLVED,48,walkway cleanup required after beverage spill near ride exit,the spill response team cleared the hazard and restored access
114,INC0000114,3,7,65,,34,2026-08-23T21:17:00Z,WEATHER_DELAY,LOW,RESOLVED,8,operations paused because wind gusts exceeded operating limits,operations resumed after the weather window cleared and all checks passed
115,INC0000115,5,10,,,409,2026-06-21T15:52:00Z,FOOD_SPILL,MEDIUM,RESOLVED,51,food cart overflow caused temporary slip-hazard closure,custodial staff sanitized the area and reopened the walkway
116,INC0000116,6,24,,,87,2026-07-26T17:19:00Z,LOST_CHILD,HIGH,RESOLVED,94,party separation reported near the character greeting area,guest relations completed identity verification and family reunification
117,INC0000117,1,23,73,,173,2026-07-31T03:37:00Z,WEATHER_DELAY,HIGH,RESOLVED,52,operations paused because wind gusts exceeded operating limits,operations resumed after the weather window cleared and all checks passed
118,INC0000118,4,1,,3189,151,2026-07-01T21:49:00Z,SECURITY_ESCALATION,MEDIUM,RESOLVED,32,restricted-area access attempt triggered a localized security hold,supervisor intervention de-escalated the guest interaction without further disruption
119,INC0000119,4,1,4,2940,283,2026-07-05T14:02:00Z,WEATHER_DELAY,HIGH,RESOLVED,59,storm band forced temporary outdoor attraction shutdown,operations resumed after the weather window cleared and all checks passed
120,INC0000120,2,6,,,239,2026-06-14T18:24:00Z,FOOD_SPILL,LOW,RESOLVED,23,condiment spill prompted rapid response from custodial crew,custodial staff sanitized the area and reopened the walkway
121,INC0000121,5,17,18,,316,2026-06-06T00:32:00Z,QUEUE_DISRUPTION,MEDIUM,RESOLVED,46,guest flow backed up near accessibility entrance and dispatch lane,extra attendants reopened the merge lane and stabilized throughput
122,INC0000122,5,5,9,1559,410,2026-05-26T22:02:00Z,RIDE_OUTAGE,LOW,RESOLVED,17,ride dispatch paused after restraint sensor mismatch,maintenance reset the affected train and completed a test cycle
123,INC0000123,1,27,,,201,2026-06-29T19:09:00Z,COSTUME_MALFUNCTION,MEDIUM,RESOLVED,22,mascot costume cooling unit failed during outdoor appearance,entertainment leadership moved the greeting indoors and completed the set
124,INC0000124,2,4,80,,370,2026-08-17T17:56:00Z,RIDE_OUTAGE,MEDIUM,RESOLVED,52,ride dispatch paused after restraint sensor mismatch,ride reopened after sensor calibration and supervisor sign-off
125,INC0000125,1,23,,,209,2026-08-01T22:43:00Z,COSTUME_MALFUNCTION,LOW,RESOLVED,9,mascot costume cooling unit failed during outdoor appearance,the appearance was rescheduled and affected guests received digital recovery cards
126,INC0000126,4,15,19,597,308,2026-07-04T08:22:00Z,QUEUE_DISRUPTION,LOW,RESOLVED,22,boarding lane disruption caused temporary hold at the platform,extra attendants reopened the merge lane and stabilized throughput
127,INC0000127,5,5,46,,92,2026-07-12T11:03:00Z,QUEUE_DISRUPTION,MEDIUM,RESOLVED,39,queue line stalled after merge-point crowding increased wait times,queue control adjustments cleared the bottleneck
128,INC0000128,6,11,,,304,2026-06-16T12:53:00Z,SECURITY_ESCALATION,MEDIUM,RESOLVED,33,guest behavior required supervisor and security response,supervisor intervention de-escalated the guest interaction without further disruption
129,INC0000129,5,19,,,346,2026-06-06T03:43:00Z,LOST_CHILD,LOW,RESOLVED,15,party separation reported near the character greeting area,the park-wide locate protocol resolved the incident within minutes
130,INC0000130,4,18,56,,219,2026-07-01T15:15:00Z,WEATHER_DELAY,MEDIUM,RESOLVED,31,storm band forced temporary outdoor attraction shutdown,affected guests received recovery entitlements during the delay window
131,INC0000131,5,10,,333,101,2026-08-12T18:27:00Z,COSTUME_MALFUNCTION,MEDIUM,RESOLVED,35,costume zipper failure interrupted the scheduled meet-and-greet,entertainment leadership moved the greeting indoors and completed the set
132,INC0000132,1,27,,,334,2026-08-24T18:08:00Z,LOST_CHILD,LOW,RESOLVED,13,party separation reported near the character greeting area,guest relations completed identity verification and family reunification
133,INC0000133,6,13,,3263,319,2026-05-16T21:38:00Z,GUEST_MEDICAL,LOW,RESOLVED,10,minor first-aid event reported near the attraction exit,first-aid team completed assessment and escorted the guest to rest area
134,INC0000134,4,15,19,674,144,2026-06-03T10:32:00Z,WEATHER_DELAY,HIGH,RESOLVED,114,storm band forced temporary outdoor attraction shutdown,operations resumed after the weather window cleared and all checks passed
135,INC0000135,1,2,99,3593,385,2026-07-29T18:24:00Z,RIDE_OUTAGE,MEDIUM,RESOLVED,31,vehicle cycle stopped for repeated lap-bar fault signal,ops transferred guests to alternate attractions with recovery passes
136,INC0000136,3,29,,,55,2026-05-22T14:55:00Z,COSTUME_MALFUNCTION,LOW,RESOLVED,20,character performer requested backstage relief after visibility issue,entertainment leadership moved the greeting indoors and completed the set
137,INC0000137,4,20,67,,129,2026-06-01T18:22:00Z,RIDE_OUTAGE,MEDIUM,RESOLVED,34,vehicle cycle stopped for repeated lap-bar fault signal,ride reopened after sensor calibration and supervisor sign-off
138,INC0000138,1,27,,,364,2026-05-14T12:20:00Z,FOOD_SPILL,HIGH,RESOLVED,108,condiment spill prompted rapid response from custodial crew,temporary routing was removed after cleanup inspection
139,INC0000139,2,4,2,3697,337,2026-07-06T17:08:00Z,RIDE_OUTAGE,HIGH,RESOLVED,66,ride dispatch paused after restraint sensor mismatch,ops transferred guests to alternate attractions with recovery passes
140,INC0000140,6,28,,,164,2026-06-01T19:07:00Z,SECURITY_ESCALATION,HIGH,RESOLVED,43,guest behavior required supervisor and security response,security resolved the situation and released the area back to operations
141,INC0000141,2,6,,,273,2026-06-12T23:10:00Z,COSTUME_MALFUNCTION,HIGH,RESOLVED,85,mascot costume cooling unit failed during outdoor appearance,the appearance was rescheduled and affected guests received digital recovery cards
142,INC0000142,5,9,,,243,2026-07-28T19:11:00Z,QUEUE_DISRUPTION,HIGH,RESOLVED,63,queue line stalled after merge-point crowding increased wait times,staff rerouted the queue and restored dispatch rhythm
143,INC0000143,3,3,78,3911,282,2026-06-29T23:19:00Z,RIDE_OUTAGE,LOW,RESOLVED,20,vehicle cycle stopped for repeated lap-bar fault signal,ride reopened after sensor calibration and supervisor sign-off
144,INC0000144,3,29,,,379,2026-06-09T23:18:00Z,SECURITY_ESCALATION,MEDIUM,RESOLVED,23,guest behavior required supervisor and security response,the incident was documented and the zone reopened after clearance
145,INC0000145,1,2,,,368,2026-05-29T18:06:00Z,COSTUME_MALFUNCTION,LOW,RESOLVED,24,character performer requested backstage relief after visibility issue,the appearance was rescheduled and affected guests received digital recovery cards
146,INC0000146,1,23,43,2314,43,2026-08-26T21:30:00Z,WEATHER_DELAY,MEDIUM,RESOLVED,44,operations paused because wind gusts exceeded operating limits,operations resumed after the weather window cleared and all checks passed
147,INC0000147,4,18,56,,129,2026-06-22T03:40:00Z,WEATHER_DELAY,MEDIUM,RESOLVED,28,operations paused because wind gusts exceeded operating limits,park operations delayed reopening until wind readings normalized
148,INC0000148,3,29,79,1325,303,2026-08-23T13:14:00Z,WEATHER_DELAY,HIGH,RESOLVED,83,storm band forced temporary outdoor attraction shutdown,park operations delayed reopening until wind readings normalized
149,INC0000149,6,24,110,,281,2026-05-25T22:05:00Z,RIDE_OUTAGE,MEDIUM,RESOLVED,44,ride control panel triggered a protective shutdown during load,ride reopened after sensor calibration and supervisor sign-off
150,INC0000150,4,1,,4143,219,2026-07-24T22:26:00Z,FOOD_SPILL,LOW,RESOLVED,21,walkway cleanup required after beverage spill near ride exit,temporary routing was removed after cleanup inspection
151,INC0000151,3,8,25,294,128,2026-08-02T12:22:00Z,RIDE_OUTAGE,HIGH,RESOLVED,49,vehicle cycle stopped for repeated lap-bar fault signal,ride reopened after sensor calibration and supervisor sign-off
152,INC0000152,3,29,,,373,2026-07-03T18:20:00Z,LOST_CHILD,HIGH,RESOLVED,77,child location support requested after queue handoff confusion,child was reunited with party after radio-assisted zone sweep
153,INC0000153,2,30,,,52,2026-07-17T19:53:00Z,COSTUME_MALFUNCTION,LOW,RESOLVED,17,mascot costume cooling unit failed during outdoor appearance,the appearance was rescheduled and affected guests received digital recovery cards
154,INC0000154,4,1,4,,308,2026-07-04T16:33:00Z,QUEUE_DISRUPTION,HIGH,RESOLVED,89,boarding lane disruption caused temporary hold at the platform,extra attendants reopened the merge lane and stabilized throughput
155,INC0000155,4,20,67,2450,279,2026-08-02T18:44:00Z,QUEUE_DISRUPTION,HIGH,RESOLVED,99,queue line stalled after merge-point crowding increased wait times,queue control adjustments cleared the bottleneck
156,INC0000156,5,9,,1944,69,2026-06-13T16:45:00Z,LOST_CHILD,HIGH,RESOLVED,80,party separation reported near the character greeting area,the park-wide locate protocol resolved the incident within minutes
157,INC0000157,1,25,31,,234,2026-08-13T20:46:00Z,RIDE_OUTAGE,HIGH,RESOLVED,93,ride control panel triggered a protective shutdown during load,ride reopened after sensor calibration and supervisor sign-off
158,INC0000158,1,25,31,,229,2026-05-18T07:23:00Z,QUEUE_DISRUPTION,MEDIUM,RESOLVED,54,guest flow backed up near accessibility entrance and dispatch lane,staff rerouted the queue and restored dispatch rhythm
159,INC0000159,3,3,41,,413,2026-06-11T00:52:00Z,RIDE_OUTAGE,CRITICAL,RESOLVED,226,ride dispatch paused after restraint sensor mismatch,ride reopened after sensor calibration and supervisor sign-off
160,INC0000160,6,13,11,667,202,2026-08-21T03:00:00Z,WEATHER_DELAY,LOW,RESOLVED,19,ride suspended after lightning alert reached the park perimeter,park operations delayed reopening until wind readings normalized
161,INC0000161,4,15,19,,162,2026-06-25T22:25:00Z,RIDE_OUTAGE,LOW,RESOLVED,21,vehicle cycle stopped for repeated lap-bar fault signal,ops transferred guests to alternate attractions with recovery passes
162,INC0000162,4,15,19,,322,2026-06-23T00:20:00Z,WEATHER_DELAY,MEDIUM,RESOLVED,36,operations paused because wind gusts exceeded operating limits,park operations delayed reopening until wind readings normalized
163,INC0000163,1,23,103,,173,2026-05-04T19:25:00Z,RIDE_OUTAGE,HIGH,RESOLVED,41,ride dispatch paused after restraint sensor mismatch,ops transferred guests to alternate attractions with recovery passes
164,INC0000164,3,8,,,267,2026-07-22T18:43:00Z,LOST_CHILD,MEDIUM,RESOLVED,44,child location support requested after queue handoff confusion,the park-wide locate protocol resolved the incident within minutes
165,INC0000165,6,11,23,2782,302,2026-07-31T21:02:00Z,RIDE_OUTAGE,MEDIUM,RESOLVED,23,ride control panel triggered a protective shutdown during load,ops transferred guests to alternate attractions with recovery passes
166,INC0000166,1,23,,,380,2026-07-18T19:15:00Z,LOST_CHILD,LOW,RESOLVED,22,party separation reported near the character greeting area,the park-wide locate protocol resolved the incident within minutes
167,INC0000167,2,6,27,3486,67,2026-05-16T01:49:00Z,QUEUE_DISRUPTION,HIGH,RESOLVED,75,boarding lane disruption caused temporary hold at the platform,queue control adjustments cleared the bottleneck
168,INC0000168,4,1,4,,32,2026-06-20T18:11:00Z,WEATHER_DELAY,LOW,RESOLVED,10,storm band forced temporary outdoor attraction shutdown,park operations delayed reopening until wind readings normalized
169,INC0000169,1,2,71,,1,2026-05-11T02:42:00Z,QUEUE_DISRUPTION,MEDIUM,RESOLVED,30,queue line stalled after merge-point crowding increased wait times,extra attendants reopened the merge lane and stabilized throughput
170,INC0000170,3,8,,,403,2026-07-23T12:46:00Z,FOOD_SPILL,MEDIUM,RESOLVED,50,walkway cleanup required after beverage spill near ride exit,custodial staff sanitized the area and reopened the walkway
171,INC0000171,4,18,56,,311,2026-06-22T03:22:00Z,RIDE_OUTAGE,LOW,RESOLVED,14,vehicle cycle stopped for repeated lap-bar fault signal,ride reopened after sensor calibration and supervisor sign-off
172,INC0000172,2,4,17,319,96,2026-06-17T00:43:00Z,WEATHER_DELAY,LOW,RESOLVED,22,operations paused because wind gusts exceeded operating limits,park operations delayed reopening until wind readings normalized
173,INC0000173,1,27,5,2364,217,2026-06-14T00:00:00Z,RIDE_OUTAGE,MEDIUM,RESOLVED,30,ride control panel triggered a protective shutdown during load,maintenance reset the affected train and completed a test cycle
174,INC0000174,3,29,44,357,187,2026-05-20T02:16:00Z,QUEUE_DISRUPTION,MEDIUM,RESOLVED,35,queue line stalled after merge-point crowding increased wait times,staff rerouted the queue and restored dispatch rhythm
175,INC0000175,6,28,,,324,2026-07-09T16:30:00Z,GUEST_MEDICAL,MEDIUM,RESOLVED,48,minor first-aid event reported near the attraction exit,medical response closed the incident after hydration and observation
176,INC0000176,4,20,67,,13,2026-07-14T12:51:00Z,WEATHER_DELAY,MEDIUM,RESOLVED,35,operations paused because wind gusts exceeded operating limits,affected guests received recovery entitlements during the delay window
177,INC0000177,2,4,,,348,2026-05-12T12:51:00Z,SECURITY_ESCALATION,LOW,RESOLVED,24,bag-screening disagreement escalated at the zone entry point,security resolved the situation and released the area back to operations
178,INC0000178,1,27,,3941,82,2026-05-30T13:23:00Z,GUEST_MEDICAL,LOW,RESOLVED,24,minor first-aid event reported near the attraction exit,first-aid team completed assessment and escorted the guest to rest area
179,INC0000179,4,15,19,,150,2026-07-14T22:30:00Z,QUEUE_DISRUPTION,MEDIUM,RESOLVED,18,queue line stalled after merge-point crowding increased wait times,extra attendants reopened the merge lane and stabilized throughput
180,INC0000180,1,25,33,2855,305,2026-08-10T20:37:00Z,QUEUE_DISRUPTION,LOW,RESOLVED,10,queue line stalled after merge-point crowding increased wait times,queue control adjustments cleared the bottleneck
181,INC0000181,1,23,54,1304,43,2026-06-23T09:55:00Z,RIDE_OUTAGE,LOW,RESOLVED,11,ride dispatch paused after restraint sensor mismatch,maintenance reset the affected train and completed a test cycle
182,INC0000182,4,15,19,,311,2026-08-03T03:06:00Z,WEATHER_DELAY,MEDIUM,RESOLVED,38,storm band forced temporary outdoor attraction shutdown,operations resumed after the weather window cleared and all checks passed
183,INC0000183,4,20,,2516,296,2026-08-03T04:10:00Z,LOST_CHILD,MEDIUM,RESOLVED,22,child location support requested after queue handoff confusion,child was reunited with party after radio-assisted zone sweep
184,INC0000184,3,26,,,60,2026-05-07T22:46:00Z,FOOD_SPILL,LOW,RESOLVED,10,food cart overflow caused temporary slip-hazard closure,the spill response team cleared the hazard and restored access
185,INC0000185,1,25,31,744,73,2026-07-22T13:08:00Z,RIDE_OUTAGE,MEDIUM,RESOLVED,26,ride dispatch paused after restraint sensor mismatch,ride reopened after sensor calibration and supervisor sign-off
186,INC0000186,6,14,94,2534,248,2026-08-13T02:53:00Z,QUEUE_DISRUPTION,CRITICAL,UNDER_REVIEW,108,queue line stalled after merge-point crowding increased wait times,queue control adjustments cleared the bottleneck
187,INC0000187,6,11,52,1349,319,2026-05-01T20:04:00Z,RIDE_OUTAGE,MEDIUM,RESOLVED,53,vehicle cycle stopped for repeated lap-bar fault signal,ride reopened after sensor calibration and supervisor sign-off
188,INC0000188,3,3,,,249,2026-07-05T23:32:00Z,LOST_CHILD,LOW,RESOLVED,9,guardian reported missing child near a parade crossover point,the park-wide locate protocol resolved the incident within minutes
189,INC0000189,1,25,33,,43,2026-05-15T03:19:00Z,RIDE_OUTAGE,MEDIUM,RESOLVED,42,vehicle cycle stopped for repeated lap-bar fault signal,maintenance reset the affected train and completed a test cycle
190,INC0000190,6,28,64,3949,35,2026-06-08T12:57:00Z,RIDE_OUTAGE,CRITICAL,RESOLVED,109,ride control panel triggered a protective shutdown during load,ride reopened after sensor calibration and supervisor sign-off
191,INC0000191,1,2,99,,401,2026-08-16T23:15:00Z,WEATHER_DELAY,LOW,RESOLVED,11,operations paused because wind gusts exceeded operating limits,park operations delayed reopening until wind readings normalized
192,INC0000192,1,25,33,1423,300,2026-05-21T00:21:00Z,RIDE_OUTAGE,HIGH,RESOLVED,47,vehicle cycle stopped for repeated lap-bar fault signal,maintenance reset the affected train and completed a test cycle
193,INC0000193,4,18,,2752,32,2026-08-28T15:45:00Z,LOST_CHILD,LOW,RESOLVED,18,party separation reported near the character greeting area,child was reunited with party after radio-assisted zone sweep
194,INC0000194,5,5,,,213,2026-08-07T16:56:00Z,FOOD_SPILL,MEDIUM,RESOLVED,39,food cart overflow caused temporary slip-hazard closure,custodial staff sanitized the area and reopened the walkway
195,INC0000195,3,8,25,,318,2026-06-05T00:35:00Z,QUEUE_DISRUPTION,LOW,RESOLVED,18,boarding lane disruption caused temporary hold at the platform,queue control adjustments cleared the bottleneck
196,INC0000196,5,5,46,,10,2026-08-08T22:12:00Z,RIDE_OUTAGE,CRITICAL,UNDER_REVIEW,117,ride dispatch paused after restraint sensor mismatch,ride reopened after sensor calibration and supervisor sign-off
197,INC0000197,1,25,31,,161,2026-07-15T16:24:00Z,RIDE_OUTAGE,LOW,RESOLVED,18,ride dispatch paused after restraint sensor mismatch,maintenance reset the affected train and completed a test cycle
198,INC0000198,6,28,64,,248,2026-08-22T16:39:00Z,QUEUE_DISRUPTION,LOW,RESOLVED,14,queue line stalled after merge-point crowding increased wait times,staff rerouted the queue and restored dispatch rhythm
199,INC0000199,2,30,,264,338,2026-06-19T17:33:00Z,GUEST_MEDICAL,LOW,RESOLVED,19,guest reported dizziness while exiting the attraction,medical response closed the incident after hydration and observation
200,INC0000200,5,5,15,,274,2026-06-12T16:47:00Z,QUEUE_DISRUPTION,LOW,RESOLVED,21,boarding lane disruption caused temporary hold at the platform,queue control adjustments cleared the bottleneck
201,INC0000201,2,16,75,3064,244,2026-08-05T20:38:00Z,QUEUE_DISRUPTION,LOW,RESOLVED,20,queue line stalled after merge-point crowding increased wait times,extra attendants reopened the merge lane and stabilized throughput
202,INC0000202,1,25,,,161,2026-05-13T03:08:00Z,COSTUME_MALFUNCTION,CRITICAL,CLOSED_WITH_FOLLOWUP,144,costume zipper failure interrupted the scheduled meet-and-greet,costuming swapped the performer into a backup suit and resumed appearances
203,INC0000203,4,18,56,3561,312,2026-08-21T21:51:00Z,QUEUE_DISRUPTION,LOW,RESOLVED,10,queue line stalled after merge-point crowding increased wait times,queue control adjustments cleared the bottleneck
204,INC0000204,3,29,6,464,400,2026-08-15T18:50:00Z,QUEUE_DISRUPTION,HIGH,RESOLVED,109,guest flow backed up near accessibility entrance and dispatch lane,extra attendants reopened the merge lane and stabilized throughput
205,INC0000205,6,28,,,64,2026-07-25T12:19:00Z,LOST_CHILD,MEDIUM,RESOLVED,20,guardian reported missing child near a parade crossover point,guest relations completed identity verification and family reunification
206,INC0000206,4,18,,2267,150,2026-08-25T15:39:00Z,COSTUME_MALFUNCTION,LOW,RESOLVED,15,character performer requested backstage relief after visibility issue,entertainment leadership moved the greeting indoors and completed the set
207,INC0000207,4,1,4,,279,2026-08-16T12:08:00Z,QUEUE_DISRUPTION,MEDIUM,RESOLVED,50,queue line stalled after merge-point crowding increased wait times,queue control adjustments cleared the bottleneck
208,INC0000208,3,29,20,2108,333,2026-05-29T19:16:00Z,RIDE_OUTAGE,MEDIUM,RESOLVED,22,ride control panel triggered a protective shutdown during load,maintenance reset the affected train and completed a test cycle
209,INC0000209,1,2,99,3196,201,2026-06-23T08:38:00Z,QUEUE_DISRUPTION,LOW,RESOLVED,22,guest flow backed up near accessibility entrance and dispatch lane,extra attendants reopened the merge lane and stabilized throughput
210,INC0000210,5,19,,,323,2026-08-24T21:31:00Z,FOOD_SPILL,LOW,RESOLVED,14,walkway cleanup required after beverage spill near ride exit,temporary routing was removed after cleanup inspection
211,INC0000211,6,14,21,3247,202,2026-06-26T00:06:00Z,RIDE_OUTAGE,LOW,RESOLVED,22,ride control panel triggered a protective shutdown during load,ops transferred guests to alternate attractions with recovery passes
212,INC0000212,4,15,,,312,2026-05-19T15:57:00Z,GUEST_MEDICAL,MEDIUM,RESOLVED,40,guest reported dizziness while exiting the attraction,first-aid team completed assessment and escorted the guest to rest area
213,INC0000213,6,13,11,,394,2026-08-15T01:59:00Z,QUEUE_DISRUPTION,HIGH,RESOLVED,104,queue line stalled after merge-point crowding increased wait times,extra attendants reopened the merge lane and stabilized throughput
214,INC0000214,3,29,,1970,11,2026-07-20T17:53:00Z,SECURITY_ESCALATION,LOW,RESOLVED,9,restricted-area access attempt triggered a localized security hold,security resolved the situation and released the area back to operations
215,INC0000215,2,4,2,,262,2026-07-31T10:50:00Z,WEATHER_DELAY,LOW,RESOLVED,16,ride suspended after lightning alert reached the park perimeter,operations resumed after the weather window cleared and all checks passed
216,INC0000216,4,15,19,,312,2026-07-17T20:42:00Z,QUEUE_DISRUPTION,LOW,RESOLVED,20,guest flow backed up near accessibility entrance and dispatch lane,extra attendants reopened the merge lane and stabilized throughput
217,INC0000217,3,29,,3581,267,2026-08-27T15:05:00Z,SECURITY_ESCALATION,CRITICAL,CLOSED_WITH_FOLLOWUP,235,guest behavior required supervisor and security response,the incident was documented and the zone reopened after clearance
218,INC0000218,4,18,,,308,2026-07-27T22:46:00Z,SECURITY_ESCALATION,HIGH,RESOLVED,103,guest behavior required supervisor and security response,supervisor intervention de-escalated the guest interaction without further disruption
219,INC0000219,3,3,,,62,2026-08-01T19:13:00Z,SECURITY_ESCALATION,LOW,RESOLVED,24,bag-screening disagreement escalated at the zone entry point,security resolved the situation and released the area back to operations
220,INC0000220,2,30,34,1436,194,2026-05-01T09:37:00Z,RIDE_OUTAGE,MEDIUM,RESOLVED,23,ride dispatch paused after restraint sensor mismatch,ops transferred guests to alternate attractions with recovery passes
221,INC0000221,5,17,32,503,41,2026-06-02T03:38:00Z,RIDE_OUTAGE,LOW,RESOLVED,9,ride dispatch paused after restraint sensor mismatch,maintenance reset the affected train and completed a test cycle
222,INC0000222,1,25,31,3014,380,2026-08-26T22:56:00Z,RIDE_OUTAGE,LOW,RESOLVED,21,vehicle cycle stopped for repeated lap-bar fault signal,ride reopened after sensor calibration and supervisor sign-off
223,INC0000223,3,26,,,197,2026-08-21T06:54:00Z,COSTUME_MALFUNCTION,LOW,RESOLVED,16,character performer requested backstage relief after visibility issue,the appearance was rescheduled and affected guests received digital recovery cards
224,INC0000224,4,1,4,2242,129,2026-08-17T02:00:00Z,QUEUE_DISRUPTION,HIGH,RESOLVED,109,queue line stalled after merge-point crowding increased wait times,queue control adjustments cleared the bottleneck
225,INC0000225,1,23,73,1427,76,2026-08-24T19:26:00Z,RIDE_OUTAGE,MEDIUM,RESOLVED,31,ride dispatch paused after restraint sensor mismatch,maintenance reset the affected train and completed a test cycle
226,INC0000226,2,30,,,140,2026-05-07T22:34:00Z,GUEST_MEDICAL,LOW,RESOLVED,9,guest reported dizziness while exiting the attraction,first-aid team completed assessment and escorted the guest to rest area
227,INC0000227,4,20,77,1256,279,2026-08-14T17:38:00Z,RIDE_OUTAGE,MEDIUM,RESOLVED,42,ride control panel triggered a protective shutdown during load,ride reopened after sensor calibration and supervisor sign-off
228,INC0000228,1,2,99,,201,2026-06-01T01:28:00Z,WEATHER_DELAY,MEDIUM,RESOLVED,25,ride suspended after lightning alert reached the park perimeter,park operations delayed reopening until wind readings normalized
229,INC0000229,2,4,,,239,2026-08-26T22:30:00Z,GUEST_MEDICAL,CRITICAL,UNDER_REVIEW,230,guest reported dizziness while exiting the attraction,first-aid team completed assessment and escorted the guest to rest area
230,INC0000230,6,13,,3617,94,2026-07-02T20:29:00Z,SECURITY_ESCALATION,LOW,RESOLVED,22,guest behavior required supervisor and security response,security resolved the situation and released the area back to operations
231,INC0000231,4,20,30,,308,2026-06-24T22:30:00Z,QUEUE_DISRUPTION,LOW,RESOLVED,19,boarding lane disruption caused temporary hold at the platform,queue control adjustments cleared the bottleneck
232,INC0000232,4,15,,,32,2026-08-01T18:11:00Z,LOST_CHILD,LOW,RESOLVED,15,guardian reported missing child near a parade crossover point,guest relations completed identity verification and family reunification
233,INC0000233,6,28,64,3954,181,2026-07-29T17:03:00Z,WEATHER_DELAY,MEDIUM,RESOLVED,25,storm band forced temporary outdoor attraction shutdown,operations resumed after the weather window cleared and all checks passed
234,INC0000234,1,23,,,284,2026-05-27T09:39:00Z,FOOD_SPILL,CRITICAL,RESOLVED,184,food cart overflow caused temporary slip-hazard closure,temporary routing was removed after cleanup inspection
235,INC0000235,1,25,,2957,161,2026-08-17T14:11:00Z,FOOD_SPILL,LOW,RESOLVED,11,food cart overflow caused temporary slip-hazard closure,the spill response team cleared the hazard and restored access
236,INC0000236,3,26,40,,195,2026-05-26T17:15:00Z,WEATHER_DELAY,HIGH,RESOLVED,55,ride suspended after lightning alert reached the park perimeter,park operations delayed reopening until wind readings normalized
237,INC0000237,6,13,,,106,2026-05-01T23:35:00Z,GUEST_MEDICAL,HIGH,RESOLVED,101,guest reported dizziness while exiting the attraction,first-aid team completed assessment and escorted the guest to rest area
238,INC0000238,1,27,95,,241,2026-08-19T15:03:00Z,RIDE_OUTAGE,MEDIUM,RESOLVED,48,ride dispatch paused after restraint sensor mismatch,ride reopened after sensor calibration and supervisor sign-off
239,INC0000239,2,30,,,137,2026-07-19T21:16:00Z,GUEST_MEDICAL,LOW,RESOLVED,12,queue guest requested assistance after heat-related fatigue,medical response closed the incident after hydration and observation
240,INC0000240,2,16,83,2466,242,2026-08-10T00:11:00Z,RIDE_OUTAGE,MEDIUM,RESOLVED,42,vehicle cycle stopped for repeated lap-bar fault signal,maintenance reset the affected train and completed a test cycle
241,INC0000241,6,28,,2413,149,2026-08-04T12:57:00Z,LOST_CHILD,LOW,RESOLVED,23,party separation reported near the character greeting area,guest relations completed identity verification and family reunification
242,INC0000242,2,4,,,328,2026-06-10T16:53:00Z,SECURITY_ESCALATION,HIGH,RESOLVED,106,guest behavior required supervisor and security response,supervisor intervention de-escalated the guest interaction without further disruption
243,INC0000243,4,18,56,,150,2026-05-02T17:00:00Z,RIDE_OUTAGE,LOW,RESOLVED,14,ride control panel triggered a protective shutdown during load,ride reopened after sensor calibration and supervisor sign-off
244,INC0000244,5,22,,,227,2026-06-10T04:25:00Z,LOST_CHILD,MEDIUM,RESOLVED,20,child location support requested after queue handoff confusion,guest relations completed identity verification and family reunification
245,INC0000245,2,4,17,38,406,2026-06-22T14:49:00Z,QUEUE_DISRUPTION,LOW,RESOLVED,18,boarding lane disruption caused temporary hold at the platform,staff rerouted the queue and restored dispatch rhythm
246,INC0000246,2,4,80,,348,2026-05-24T11:43:00Z,QUEUE_DISRUPTION,LOW,RESOLVED,16,boarding lane disruption caused temporary hold at the platform,queue control adjustments cleared the bottleneck
247,INC0000247,2,4,,,246,2026-05-04T16:32:00Z,FOOD_SPILL,LOW,RESOLVED,21,condiment spill prompted rapid response from custodial crew,the spill response team cleared the hazard and restored access
248,INC0000248,4,15,19,1239,13,2026-08-17T00:35:00Z,QUEUE_DISRUPTION,HIGH,RESOLVED,47,guest flow backed up near accessibility entrance and dispatch lane,extra attendants reopened the merge lane and stabilized throughput
249,INC0000249,2,6,12,768,265,2026-06-05T11:42:00Z,RIDE_OUTAGE,LOW,RESOLVED,10,ride dispatch paused after restraint sensor mismatch,ops transferred guests to alternate attractions with recovery passes
250,INC0000250,4,1,,1359,25,2026-07-15T18:18:00Z,GUEST_MEDICAL,MEDIUM,RESOLVED,33,queue guest requested assistance after heat-related fatigue,first-aid team completed assessment and escorted the guest to rest area
251,INC0000251,5,21,112,,136,2026-07-13T01:18:00Z,QUEUE_DISRUPTION,LOW,RESOLVED,22,boarding lane disruption caused temporary hold at the platform,queue control adjustments cleared the bottleneck
252,INC0000252,4,1,,,144,2026-05-02T19:08:00Z,COSTUME_MALFUNCTION,MEDIUM,RESOLVED,24,mascot costume cooling unit failed during outdoor appearance,the appearance was rescheduled and affected guests received digital recovery cards
253,INC0000253,6,13,,,170,2026-05-24T15:12:00Z,COSTUME_MALFUNCTION,HIGH,RESOLVED,108,mascot costume cooling unit failed during outdoor appearance,the appearance was rescheduled and affected guests received digital recovery cards
254,INC0000254,1,27,5,,374,2026-08-21T00:15:00Z,RIDE_OUTAGE,LOW,RESOLVED,8,ride control panel triggered a protective shutdown during load,maintenance reset the affected train and completed a test cycle
255,INC0000255,2,6,,1189,147,2026-06-18T17:03:00Z,SECURITY_ESCALATION,CRITICAL,CLOSED_WITH_FOLLOWUP,129,guest behavior required supervisor and security response,security resolved the situation and released the area back to operations
256,INC0000256,5,5,9,1224,389,2026-05-27T14:20:00Z,RIDE_OUTAGE,LOW,RESOLVED,10,ride dispatch paused after restraint sensor mismatch,maintenance reset the affected train and completed a test cycle
257,INC0000257,4,18,56,,32,2026-05-20T11:56:00Z,WEATHER_DELAY,MEDIUM,RESOLVED,37,storm band forced temporary outdoor attraction shutdown,affected guests received recovery entitlements during the delay window
258,INC0000258,4,18,,,151,2026-06-27T18:38:00Z,GUEST_MEDICAL,LOW,RESOLVED,10,minor first-aid event reported near the attraction exit,medical response closed the incident after hydration and observation
259,INC0000259,3,8,69,,267,2026-07-16T15:30:00Z,RIDE_OUTAGE,HIGH,RESOLVED,63,ride dispatch paused after restraint sensor mismatch,ride reopened after sensor calibration and supervisor sign-off
260,INC0000260,1,25,,,351,2026-08-02T18:19:00Z,FOOD_SPILL,MEDIUM,RESOLVED,22,condiment spill prompted rapid response from custodial crew,custodial staff sanitized the area and reopened the walkway
