ShipmentLineId,ShipmentId,LineNumber,SalesOrderLine,Product,OriginLocation,DestinationLocation,ShipDate,DeliveryDate,ShippedQty,CarrierName,ServiceLevel,PlannedTransitDays,ActualTransitDays,FreightCost,ShipmentStatus,DelayReason
1,500001,1,2,23,9,16,34,39.0,2,LineHaulOne,Ground,4,5.0,4.0,Delivered,
2,500002,1,6,18,14,35,152,154.0,2,ParcelEx,Ground,3,2.0,4.0,Delivered,
3,500003,1,10,54,31,24,139,142.0,2,BlueRoad,Express,2,3.0,4.0,Delivered,
4,500004,1,11,150,32,16,22,25.0,1,ParcelEx,Economy,3,3.0,4.0,Delivered,
5,500005,1,16,11,5,7,155,158.0,1,BlueRoad,Ground,3,3.0,4.0,Delivered,
6,500006,1,20,69,30,13,35,40.0,1,BlueRoad,Express,3,5.0,4.0,Delayed,Weather
7,500007,1,24,33,1,3,45,47.0,1,NorthCarrier,Ground,3,2.0,4.0,Delivered,
8,500008,1,34,99,5,2,178,180.0,1,ParcelEx,Ground,4,4.0,4.0,Delivered,
9,500009,1,35,104,9,36,5,9.0,1,BlueRoad,Express,3,4.0,4.0,Delivered,
10,500010,1,39,22,1,16,1,6.0,1,LineHaulOne,Ground,5,5.0,4.0,Delivered,
11,500011,1,44,153,9,11,68,69.0,1,NorthCarrier,Ground,1,1.0,4.0,Delivered,
12,500012,1,46,93,25,34,163,165.0,4,NorthCarrier,Ground,3,2.0,4.27,Delivered,
13,500013,1,48,88,14,24,94,95.0,2,LineHaulOne,Ground,2,1.0,4.0,Delivered,
14,500014,1,49,179,1,27,166,168.0,2,NorthCarrier,Ground,1,2.0,4.0,Delivered,
15,500015,1,50,78,32,20,105,110.0,1,NorthCarrier,Ground,5,5.0,4.0,Delivered,
16,500016,1,52,27,18,10,148,154.0,1,LineHaulOne,Ground,2,6.0,4.0,Delayed,HubCongestion
17,500017,2,52,27,18,10,148,149.0,1,LineHaulOne,Economy,1,1.0,4.0,Delivered,
18,500018,1,54,182,5,16,151,157.0,1,ParcelEx,Ground,5,6.0,4.0,Delivered,
19,500019,1,59,87,14,7,153,155.0,1,NorthCarrier,Ground,1,2.0,4.0,Delivered,
20,500020,1,66,98,31,27,22,23.0,3,NorthCarrier,Express,1,1.0,6.12,Delivered,
21,500021,1,67,79,23,10,172,176.0,2,BlueRoad,Express,2,4.0,4.0,Delayed,Customs
22,500022,1,77,21,25,11,76,80.0,2,BlueRoad,Ground,4,4.0,4.18,Delivered,
23,500023,1,79,22,32,13,62,68.0,2,LineHaulOne,Express,2,6.0,4.0,Delayed,Weather
24,500024,1,80,192,32,28,174,179.0,2,LineHaulOne,Ground,5,5.0,4.0,Delivered,
25,500025,1,84,147,1,28,167,169.0,1,BlueRoad,Ground,1,2.0,4.0,Delivered,
26,500026,1,87,98,23,3,45,49.0,1,LineHaulOne,Economy,3,4.0,4.0,Delivered,
27,500027,1,88,149,30,2,138,143.0,1,NorthCarrier,Ground,5,5.0,4.0,Delivered,
28,500028,1,92,64,9,16,137,138.0,1,LineHaulOne,Economy,2,1.0,4.0,Delivered,
29,500029,1,100,3,25,7,12,16.0,1,ParcelEx,Ground,3,4.0,4.0,Delivered,
30,500030,1,106,114,32,13,102,107.0,2,NorthCarrier,Ground,4,5.0,4.0,Delivered,
31,500031,1,107,20,18,7,46,47.0,1,BlueRoad,Express,2,1.0,4.0,Delivered,
32,500032,1,109,26,18,3,79,84.0,1,LineHaulOne,Economy,2,5.0,4.0,Delayed,Weather
33,500033,1,110,153,1,13,32,35.0,1,ParcelEx,Express,4,3.0,4.0,Delivered,
34,500034,1,111,144,18,16,87,91.0,1,LineHaulOne,Economy,5,4.0,4.0,Delivered,
35,500035,1,112,128,30,27,178,180.0,2,ParcelEx,Ground,4,4.0,4.0,Delivered,
36,500036,1,114,138,14,39,8,14.0,1,NorthCarrier,Express,5,6.0,4.0,Delivered,
37,500037,1,117,98,31,11,74,75.0,1,ParcelEx,Ground,2,1.0,4.0,Delivered,
38,500038,1,120,40,32,36,119,120.0,1,LineHaulOne,Economy,2,1.0,4.0,Delivered,
39,500039,1,124,158,18,38,41,44.0,1,LineHaulOne,Economy,2,3.0,4.0,Delayed,Capacity
40,500040,1,127,174,23,13,134,136.0,1,ParcelEx,Ground,3,2.0,4.0,Delivered,
41,500041,1,130,172,5,34,15,19.0,1,LineHaulOne,Economy,1,4.0,4.0,Delayed,Customs
42,500042,1,133,37,31,20,120,124.0,1,LineHaulOne,Economy,5,4.0,4.0,Delivered,
43,500043,1,140,177,1,38,133,134.0,1,ParcelEx,Ground,1,1.0,4.0,Delivered,
44,500044,1,143,97,1,21,46,52.0,2,ParcelEx,Economy,5,6.0,4.0,Delivered,
45,500045,1,144,85,31,10,111,117.0,1,LineHaulOne,Ground,5,6.0,4.0,Delivered,
46,500046,1,148,27,31,24,40,47.0,1,BlueRoad,Express,3,7.0,4.0,Delayed,HubCongestion
47,500047,1,152,49,5,33,97,103.0,1,NorthCarrier,Economy,2,6.0,4.0,Delayed,Weather
48,500048,2,152,49,5,33,98,101.0,1,LineHaulOne,Ground,4,3.0,4.0,Delivered,
49,500049,1,159,35,14,16,10,11.0,1,LineHaulOne,Ground,1,1.0,4.0,Delivered,
50,500050,1,160,118,30,29,69,75.0,1,ParcelEx,Ground,5,6.0,4.0,Delivered,
51,500051,1,162,93,32,33,5,11.0,1,ParcelEx,Economy,5,6.0,4.0,Delayed,Weather
52,500052,1,163,172,1,11,40,42.0,1,LineHaulOne,Express,2,2.0,4.0,Delivered,
53,500053,1,167,36,23,20,143,148.0,1,ParcelEx,Economy,4,5.0,4.0,Delivered,
54,500054,1,170,129,9,24,100,103.0,1,NorthCarrier,Economy,4,3.0,4.0,Delivered,
55,500055,1,178,2,1,27,122,127.0,2,BlueRoad,Ground,4,5.0,4.32,Delayed,HubCongestion
56,500056,1,179,152,18,24,174,178.0,5,BlueRoad,Express,2,4.0,5.17,Delayed,Customs
57,500057,1,180,182,23,3,45,48.0,1,ParcelEx,Express,2,3.0,4.0,Delivered,
58,500058,1,181,85,5,33,114,117.0,2,BlueRoad,Express,4,3.0,4.0,Delivered,
59,500059,1,182,44,14,11,76,82.0,1,BlueRoad,Ground,3,6.0,4.0,Delayed,Customs
60,500060,1,184,107,31,3,27,28.0,1,LineHaulOne,Ground,1,1.0,4.0,Delivered,
61,500061,1,189,23,1,21,127,128.0,2,NorthCarrier,Ground,1,1.0,4.0,Delivered,
62,500062,1,191,144,18,2,50,52.0,1,LineHaulOne,Ground,2,2.0,4.0,Delivered,
63,500063,1,192,26,25,13,160,163.0,2,LineHaulOne,Express,3,3.0,4.0,Delivered,
64,500064,1,193,135,32,24,8,9.0,1,LineHaulOne,Express,1,1.0,4.0,Delivered,
65,500065,1,194,134,23,36,91,95.0,1,NorthCarrier,Express,3,4.0,4.0,Delivered,
66,500066,1,196,166,23,28,122,123.0,1,NorthCarrier,Ground,2,1.0,4.0,Delivered,
67,500067,1,197,149,5,13,180,,1,NorthCarrier,Ground,4,,4.0,InTransit,
68,500068,1,202,49,32,29,174,179.0,2,LineHaulOne,Express,3,5.0,4.0,Delayed,Capacity
69,500069,1,205,88,23,2,24,27.0,1,BlueRoad,Express,4,3.0,4.0,Delivered,
70,500070,1,219,98,32,39,41,46.0,1,ParcelEx,Express,4,5.0,4.0,Delivered,
71,500071,1,225,168,31,13,116,119.0,2,ParcelEx,Express,4,3.0,4.0,Delivered,
72,500072,1,227,180,9,33,178,180.0,4,ParcelEx,Ground,1,2.0,7.02,Delivered,
73,500073,1,230,59,23,27,141,143.0,1,LineHaulOne,Express,3,2.0,4.0,Delivered,
74,500074,1,233,46,9,20,129,136.0,2,ParcelEx,Economy,5,7.0,4.0,Delayed,Capacity
75,500075,1,235,169,30,3,121,124.0,1,ParcelEx,Ground,4,3.0,4.0,Delivered,
76,500076,1,237,73,32,24,27,34.0,1,BlueRoad,Ground,5,7.0,4.0,Delayed,Weather
77,500077,1,240,195,30,24,73,77.0,2,ParcelEx,Ground,4,4.0,4.0,Delivered,
78,500078,1,243,100,1,3,8,11.0,3,ParcelEx,Ground,3,3.0,4.63,Delivered,
79,500079,1,246,128,23,3,102,105.0,2,NorthCarrier,Economy,4,3.0,4.0,Delivered,
80,500080,1,247,141,23,34,8,11.0,3,ParcelEx,Economy,2,3.0,4.0,Delivered,
81,500081,1,256,173,31,39,36,37.0,1,LineHaulOne,Ground,2,1.0,4.0,Delivered,
82,500082,1,260,11,30,24,63,68.0,1,BlueRoad,Express,4,5.0,4.0,Delivered,
83,500083,1,262,57,31,37,48,50.0,1,LineHaulOne,Economy,2,2.0,4.0,Delivered,
84,500084,1,268,54,25,7,43,44.0,1,ParcelEx,Ground,1,1.0,4.0,Delivered,
85,500085,1,269,58,1,3,86,88.0,1,BlueRoad,Ground,3,2.0,4.0,Delivered,
86,500086,2,269,58,1,3,87,89.0,1,ParcelEx,Express,3,2.0,4.0,Delivered,
87,500087,3,269,58,1,3,86,92.0,1,LineHaulOne,Ground,5,6.0,4.0,Delivered,
88,500088,1,270,180,25,40,15,16.0,1,NorthCarrier,Ground,1,1.0,4.0,Delivered,
89,500089,1,272,38,14,3,174,176.0,1,ParcelEx,Ground,3,2.0,4.0,Delivered,
90,500090,1,274,192,9,28,103,108.0,1,BlueRoad,Ground,4,5.0,4.0,Delivered,
91,500091,2,274,192,9,28,103,108.0,1,NorthCarrier,Ground,5,5.0,4.0,Delivered,
92,500092,1,281,77,5,27,117,122.0,1,BlueRoad,Ground,4,5.0,4.0,Delivered,
93,500093,1,288,97,23,39,164,167.0,2,ParcelEx,Ground,2,3.0,4.0,Delivered,
94,500094,1,289,48,31,3,74,78.0,2,LineHaulOne,Ground,3,4.0,4.0,Delivered,
95,500095,1,292,75,23,27,147,148.0,1,NorthCarrier,Express,1,1.0,4.0,Delivered,
96,500096,1,293,36,23,27,83,88.0,1,LineHaulOne,Ground,4,5.0,4.0,Delivered,
97,500097,1,295,9,31,3,96,101.0,1,NorthCarrier,Express,5,5.0,4.0,Delivered,
98,500098,2,295,9,31,3,96,100.0,1,LineHaulOne,Express,4,4.0,4.0,Delivered,
99,500099,1,296,164,23,40,180,,1,LineHaulOne,Ground,2,,4.0,InTransit,
100,500100,2,296,164,23,40,179,180.0,1,BlueRoad,Economy,3,2.0,4.0,Delivered,
101,500101,1,298,61,5,29,118,120.0,1,BlueRoad,Ground,2,2.0,4.0,Delivered,
102,500102,1,308,109,23,12,120,121.0,1,LineHaulOne,Express,1,1.0,4.0,Delivered,
103,500103,1,314,116,1,3,57,61.0,2,ParcelEx,Express,3,4.0,4.0,Delivered,
104,500104,2,314,116,1,3,56,57.0,1,BlueRoad,Ground,1,1.0,4.0,Delivered,
105,500105,1,318,178,18,7,31,34.0,1,BlueRoad,Economy,2,3.0,4.0,Delivered,
106,500106,1,329,200,18,3,110,113.0,1,LineHaulOne,Express,2,3.0,4.0,Delayed,Capacity
107,500107,1,332,147,31,36,118,127.0,2,LineHaulOne,Economy,5,9.0,4.35,Delayed,Capacity
108,500108,1,334,31,23,3,77,81.0,1,ParcelEx,Ground,5,4.0,4.0,Delivered,
109,500109,1,338,64,9,8,75,77.0,3,LineHaulOne,Ground,1,2.0,4.65,Delivered,
110,500110,1,344,21,30,37,91,97.0,2,NorthCarrier,Express,5,6.0,4.32,Delivered,
111,500111,1,349,93,31,27,152,154.0,1,NorthCarrier,Economy,1,2.0,4.0,Delivered,
112,500112,1,350,152,23,39,91,93.0,2,LineHaulOne,Ground,3,2.0,4.0,Delivered,
113,500113,1,351,21,23,16,115,120.0,1,NorthCarrier,Ground,3,5.0,4.0,Delayed,HubCongestion
114,500114,1,352,181,23,16,147,149.0,1,BlueRoad,Ground,1,2.0,4.0,Delayed,HubCongestion
115,500115,2,352,181,23,16,147,151.0,1,BlueRoad,Express,3,4.0,4.0,Delivered,
116,500116,1,353,92,14,12,3,6.0,3,ParcelEx,Express,3,3.0,5.02,Delivered,
117,500117,1,355,76,32,3,147,148.0,1,NorthCarrier,Ground,1,1.0,4.0,Delivered,
118,500118,1,361,146,30,2,109,111.0,1,BlueRoad,Ground,2,2.0,4.0,Delivered,
119,500119,1,364,58,9,3,40,42.0,4,ParcelEx,Express,3,2.0,8.27,Delivered,
120,500120,1,369,93,5,28,37,39.0,1,LineHaulOne,Express,1,2.0,4.0,Delivered,
121,500121,2,369,93,5,28,36,38.0,1,ParcelEx,Ground,3,2.0,4.0,Delivered,
122,500122,3,369,93,5,28,36,37.0,1,NorthCarrier,Economy,2,1.0,4.0,Delivered,
123,500123,1,372,67,9,3,11,12.0,1,ParcelEx,Ground,2,1.0,4.0,Delivered,
124,500124,1,375,144,9,22,157,158.0,1,BlueRoad,Express,1,1.0,4.0,Delivered,
125,500125,1,376,90,25,36,70,71.0,1,BlueRoad,Ground,1,1.0,4.0,Delivered,
126,500126,1,379,65,18,24,117,118.0,1,BlueRoad,Ground,2,1.0,4.0,Delivered,
127,500127,1,381,192,9,3,42,43.0,1,LineHaulOne,Express,2,1.0,4.0,Delivered,
128,500128,1,382,196,5,35,60,62.0,1,NorthCarrier,Ground,1,2.0,4.0,Delivered,
129,500129,1,387,109,31,16,166,169.0,1,BlueRoad,Express,2,3.0,4.0,Delivered,
130,500130,1,391,4,25,40,34,36.0,1,ParcelEx,Ground,3,2.0,4.0,Delivered,
131,500131,1,399,91,23,13,55,61.0,1,NorthCarrier,Ground,2,6.0,4.0,Delayed,Customs
132,500132,1,402,193,23,20,176,,1,LineHaulOne,Ground,5,,4.0,InTransit,
133,500133,1,409,177,32,37,146,147.0,3,NorthCarrier,Ground,2,1.0,4.0,Delivered,
134,500134,1,410,160,30,3,101,104.0,1,LineHaulOne,Ground,3,3.0,4.0,Delivered,
135,500135,1,411,112,30,24,138,141.0,1,ParcelEx,Express,2,3.0,4.0,Delivered,
136,500136,2,411,112,30,24,139,143.0,2,ParcelEx,Ground,4,4.0,4.22,Delivered,
137,500137,1,413,128,32,36,38,45.0,2,NorthCarrier,Ground,4,7.0,4.0,Delayed,Customs
138,500138,1,414,8,32,24,48,53.0,2,NorthCarrier,Ground,5,5.0,4.0,Delivered,
139,500139,1,415,26,32,2,166,168.0,4,LineHaulOne,Ground,3,2.0,8.59,Delivered,
140,500140,1,417,196,9,21,131,133.0,2,LineHaulOne,Ground,1,2.0,4.0,Delivered,
141,500141,1,419,176,25,22,137,142.0,1,ParcelEx,Ground,5,5.0,4.0,Delivered,
142,500142,1,421,86,18,27,135,139.0,3,BlueRoad,Ground,4,4.0,4.0,Delivered,
143,500143,1,426,126,25,11,152,155.0,1,LineHaulOne,Ground,2,3.0,4.0,Delivered,
144,500144,1,427,64,18,38,7,8.0,1,NorthCarrier,Express,2,1.0,4.0,Delivered,
145,500145,1,430,58,23,36,18,20.0,1,BlueRoad,Economy,3,2.0,4.0,Delivered,
146,500146,1,431,71,32,3,112,116.0,1,LineHaulOne,Ground,3,4.0,4.0,Delivered,
147,500147,1,441,54,31,35,124,125.0,2,LineHaulOne,Express,2,1.0,4.0,Delivered,
148,500148,1,444,172,25,27,162,168.0,1,NorthCarrier,Express,5,6.0,4.0,Delivered,
149,500149,1,445,5,23,16,167,171.0,2,LineHaulOne,Express,5,4.0,4.15,Delivered,
150,500150,1,449,86,5,24,46,50.0,1,BlueRoad,Ground,3,4.0,4.0,Delayed,Capacity
151,500151,1,450,5,14,40,31,32.0,2,BlueRoad,Ground,1,1.0,4.0,Delivered,
152,500152,1,451,69,5,7,74,75.0,1,ParcelEx,Express,1,1.0,4.0,Delivered,
153,500153,1,454,2,23,10,175,176.0,3,BlueRoad,Ground,1,1.0,5.0,Delivered,
154,500154,1,458,176,25,20,147,149.0,2,NorthCarrier,Ground,2,2.0,4.0,Delivered,
155,500155,1,460,37,23,24,55,60.0,1,LineHaulOne,Express,4,5.0,4.0,Delivered,
156,500156,1,463,91,25,16,80,85.0,1,ParcelEx,Express,4,5.0,4.0,Delivered,
157,500157,1,464,62,14,40,121,126.0,1,ParcelEx,Ground,1,5.0,4.0,Delayed,HubCongestion
158,500158,1,466,6,1,27,164,168.0,2,NorthCarrier,Express,5,4.0,4.14,Delivered,
159,500159,1,468,95,18,8,140,143.0,2,ParcelEx,Express,4,3.0,4.0,Delivered,
160,500160,1,473,140,9,16,180,180.0,1,NorthCarrier,Ground,3,4.0,4.0,Delivered,
161,500161,1,475,129,5,38,69,74.0,1,LineHaulOne,Express,5,5.0,4.0,Delivered,
162,500162,1,477,62,30,16,139,142.0,1,NorthCarrier,Ground,2,3.0,4.0,Delayed,Weather
163,500163,1,478,54,5,13,132,135.0,1,BlueRoad,Ground,3,3.0,4.0,Delivered,
164,500164,1,482,111,32,3,157,163.0,1,BlueRoad,Ground,5,6.0,4.0,Delivered,
165,500165,1,487,52,32,35,145,150.0,1,LineHaulOne,Ground,4,5.0,4.0,Delivered,
166,500166,1,491,113,25,11,169,172.0,1,ParcelEx,Ground,2,3.0,4.0,Delivered,
167,500167,1,492,64,23,36,64,70.0,2,LineHaulOne,Economy,5,6.0,4.0,Delivered,
168,500168,1,497,72,9,24,180,180.0,1,NorthCarrier,Express,3,4.0,4.0,Delivered,
169,500169,1,500,2,30,13,176,178.0,1,LineHaulOne,Ground,3,2.0,4.0,Delivered,
170,500170,1,501,100,9,24,121,125.0,1,LineHaulOne,Express,5,4.0,4.0,Delivered,
171,500171,1,505,56,31,11,86,88.0,1,ParcelEx,Ground,1,2.0,4.0,Lost,Customs
172,500172,1,506,118,23,3,122,123.0,1,NorthCarrier,Ground,1,1.0,4.0,Delivered,
173,500173,1,522,43,14,13,75,77.0,1,ParcelEx,Express,3,2.0,4.0,Delivered,
174,500174,1,525,200,32,20,146,150.0,1,NorthCarrier,Ground,3,4.0,4.0,Delivered,
175,500175,1,527,179,23,37,135,137.0,1,BlueRoad,Economy,1,2.0,4.0,Delivered,
176,500176,1,530,181,9,20,38,43.0,3,NorthCarrier,Ground,5,5.0,4.0,Delivered,
177,500177,1,539,17,18,10,115,116.0,1,NorthCarrier,Ground,1,1.0,4.0,Delivered,
178,500178,2,539,17,18,10,115,121.0,1,LineHaulOne,Ground,5,6.0,4.0,Delivered,
179,500179,1,542,105,32,24,81,84.0,1,NorthCarrier,Ground,4,3.0,4.0,Delivered,
180,500180,1,543,178,31,27,67,68.0,1,BlueRoad,Economy,2,1.0,4.0,Delivered,
181,500181,1,547,174,18,37,152,155.0,1,LineHaulOne,Express,3,3.0,4.0,Delivered,
182,500182,1,550,177,9,28,54,55.0,1,BlueRoad,Ground,1,1.0,4.0,Delivered,
183,500183,2,550,177,9,28,55,58.0,1,BlueRoad,Economy,3,3.0,4.0,Delivered,
184,500184,1,551,103,14,27,61,67.0,1,ParcelEx,Economy,5,6.0,4.0,Delivered,
185,500185,1,558,72,1,27,59,60.0,2,BlueRoad,Express,2,1.0,4.0,Delivered,
186,500186,1,560,170,30,40,90,92.0,1,NorthCarrier,Ground,2,2.0,4.0,Delivered,
187,500187,1,561,183,31,7,84,86.0,1,ParcelEx,Economy,2,2.0,4.0,Delivered,
188,500188,2,561,183,31,7,85,90.0,1,ParcelEx,Express,5,5.0,4.0,Delivered,
189,500189,1,564,41,23,16,109,113.0,2,BlueRoad,Ground,4,4.0,4.0,Delivered,
190,500190,1,571,158,1,20,87,90.0,1,ParcelEx,Express,2,3.0,4.0,Delivered,
191,500191,1,573,174,30,22,48,49.0,1,ParcelEx,Ground,2,1.0,4.0,Delivered,
192,500192,2,573,174,30,22,47,51.0,1,BlueRoad,Ground,3,4.0,4.0,Delivered,
193,500193,1,579,200,18,12,160,164.0,2,NorthCarrier,Ground,4,4.0,4.0,Delivered,
194,500194,1,580,3,32,27,36,40.0,2,ParcelEx,Ground,4,4.0,4.0,Delivered,
195,500195,1,581,82,30,34,55,61.0,1,NorthCarrier,Ground,5,6.0,4.0,Delivered,
196,500196,1,585,55,25,3,17,21.0,1,ParcelEx,Ground,3,4.0,4.0,Delivered,
197,500197,1,586,49,25,10,23,27.0,1,LineHaulOne,Ground,4,4.0,4.0,Delivered,
198,500198,1,587,182,14,11,93,98.0,2,ParcelEx,Ground,5,5.0,4.0,Delivered,
199,500199,1,594,77,32,11,155,156.0,1,ParcelEx,Express,1,1.0,4.0,Delivered,
200,500200,1,595,36,32,20,12,16.0,1,NorthCarrier,Economy,3,4.0,4.0,Delivered,
201,500201,1,596,122,9,38,74,80.0,1,ParcelEx,Ground,5,6.0,4.0,Delivered,
202,500202,1,597,3,32,3,59,62.0,3,ParcelEx,Express,3,3.0,4.19,Delivered,
203,500203,1,599,75,25,21,151,156.0,2,BlueRoad,Ground,5,5.0,4.0,Delivered,
204,500204,1,602,159,18,12,22,27.0,3,ParcelEx,Ground,5,5.0,5.21,Delivered,
205,500205,2,602,159,18,12,21,27.0,1,BlueRoad,Ground,5,6.0,4.0,Delivered,
206,500206,1,607,62,18,3,7,12.0,1,LineHaulOne,Ground,4,5.0,4.0,Delivered,
207,500207,1,608,178,5,3,35,39.0,1,ParcelEx,Ground,5,4.0,4.0,Delivered,
208,500208,1,611,146,5,8,10,16.0,1,LineHaulOne,Ground,5,6.0,4.0,Delivered,
209,500209,1,612,147,30,3,72,76.0,1,ParcelEx,Express,3,4.0,4.0,Delayed,Capacity
210,500210,1,613,94,14,28,175,179.0,2,BlueRoad,Ground,5,4.0,4.0,Delivered,
211,500211,1,614,78,18,38,6,10.0,1,NorthCarrier,Economy,3,4.0,4.0,Delivered,
212,500212,2,614,78,18,38,6,10.0,1,ParcelEx,Ground,3,4.0,4.0,Delivered,
213,500213,3,614,78,18,38,6,7.0,1,ParcelEx,Ground,2,1.0,4.0,Delivered,
214,500214,1,615,31,32,16,148,151.0,1,LineHaulOne,Ground,2,3.0,4.0,Delivered,
215,500215,1,616,38,1,8,147,149.0,3,ParcelEx,Ground,3,2.0,4.0,Delivered,
216,500216,2,616,38,1,8,147,151.0,1,LineHaulOne,Ground,2,4.0,4.0,Delayed,HubCongestion
217,500217,1,619,75,32,3,87,90.0,1,ParcelEx,Ground,3,3.0,4.0,Delivered,
218,500218,1,622,97,23,27,41,43.0,1,ParcelEx,Economy,3,2.0,4.0,Delivered,
219,500219,2,622,97,23,27,40,45.0,1,LineHaulOne,Ground,4,5.0,4.0,Delayed,Weather
220,500220,1,629,129,5,7,58,62.0,3,NorthCarrier,Express,4,4.0,4.0,Delivered,
221,500221,1,632,57,14,3,178,180.0,1,ParcelEx,Express,5,4.0,4.0,Delivered,
222,500222,1,633,130,32,10,129,130.0,1,BlueRoad,Ground,1,1.0,4.0,Delivered,
223,500223,1,634,15,1,20,174,175.0,1,LineHaulOne,Economy,1,1.0,4.0,Delivered,
224,500224,1,637,158,9,3,131,132.0,2,NorthCarrier,Ground,1,1.0,4.0,Delivered,
225,500225,1,642,174,18,34,84,86.0,1,ParcelEx,Express,1,2.0,4.0,Delayed,HubCongestion
226,500226,1,643,33,23,20,61,64.0,1,ParcelEx,Express,3,3.0,4.0,Delivered,
227,500227,1,648,190,23,33,28,30.0,1,BlueRoad,Ground,1,2.0,4.0,Delivered,
228,500228,1,650,2,25,10,27,35.0,2,NorthCarrier,Ground,5,8.0,4.0,Delayed,HubCongestion
229,500229,1,657,172,32,24,61,65.0,1,ParcelEx,Ground,5,4.0,4.0,Delivered,
230,500230,1,658,110,9,7,61,65.0,1,LineHaulOne,Ground,3,4.0,4.0,Delivered,
231,500231,1,662,156,18,11,22,26.0,4,BlueRoad,Express,5,4.0,8.48,Delivered,
232,500232,1,675,177,9,16,117,124.0,2,NorthCarrier,Ground,4,7.0,4.31,Delayed,HubCongestion
233,500233,1,679,33,5,33,100,103.0,1,LineHaulOne,Express,2,3.0,4.0,Delivered,
234,500234,1,680,4,23,34,47,51.0,1,BlueRoad,Ground,1,4.0,4.0,Delayed,HubCongestion
235,500235,1,682,140,9,21,99,102.0,1,NorthCarrier,Ground,4,3.0,4.0,Delivered,
236,500236,2,682,140,9,21,99,102.0,1,LineHaulOne,Ground,2,3.0,4.0,Delivered,
237,500237,1,686,93,9,24,41,42.0,2,ParcelEx,Ground,1,1.0,4.0,Delivered,
238,500238,1,691,54,30,24,72,75.0,1,ParcelEx,Ground,2,3.0,4.0,Delivered,
239,500239,1,692,192,1,24,116,119.0,3,NorthCarrier,Express,4,3.0,4.0,Delivered,
240,500240,1,694,67,14,12,59,66.0,1,ParcelEx,Ground,5,7.0,4.0,Delayed,HubCongestion
241,500241,1,701,95,23,28,140,144.0,1,BlueRoad,Express,3,4.0,4.0,Delayed,Capacity
242,500242,1,703,139,25,39,63,66.0,1,LineHaulOne,Ground,2,3.0,4.0,Delivered,
243,500243,1,705,78,5,38,112,113.0,2,ParcelEx,Ground,1,1.0,4.0,Delivered,
244,500244,2,705,78,5,38,112,114.0,1,ParcelEx,Economy,3,2.0,4.0,Delivered,
245,500245,1,706,19,32,22,88,91.0,4,BlueRoad,Ground,3,3.0,4.0,Delivered,
246,500246,1,708,76,1,3,5,9.0,1,BlueRoad,Economy,3,4.0,4.0,Delivered,
247,500247,2,708,76,1,3,5,6.0,1,NorthCarrier,Ground,1,1.0,4.0,Delivered,
248,500248,1,713,48,32,38,115,118.0,1,LineHaulOne,Ground,4,3.0,4.0,Delivered,
249,500249,1,716,78,30,3,88,91.0,1,NorthCarrier,Ground,3,3.0,4.0,Delivered,
250,500250,2,716,78,30,3,88,89.0,1,ParcelEx,Ground,1,1.0,4.0,Delivered,
251,500251,3,716,78,30,3,88,90.0,1,ParcelEx,Express,2,2.0,4.0,Delivered,
252,500252,1,720,53,1,40,25,26.0,1,BlueRoad,Ground,2,1.0,4.0,Delivered,
253,500253,1,721,2,25,27,116,118.0,3,NorthCarrier,Express,2,2.0,4.0,Delivered,
254,500254,1,722,26,5,38,122,124.0,1,NorthCarrier,Express,3,2.0,4.0,Delivered,
255,500255,1,729,176,1,22,143,146.0,1,ParcelEx,Ground,3,3.0,4.0,Delivered,
256,500256,1,730,65,23,24,165,171.0,1,NorthCarrier,Ground,5,6.0,4.0,Delivered,
257,500257,1,735,69,14,21,120,124.0,1,BlueRoad,Express,3,4.0,4.0,Delivered,
258,500258,1,738,147,23,3,94,99.0,1,LineHaulOne,Economy,4,5.0,4.0,Delivered,
259,500259,1,741,150,1,24,66,68.0,1,BlueRoad,Ground,2,2.0,4.0,Delivered,
260,500260,1,745,130,30,21,82,85.0,2,ParcelEx,Ground,3,3.0,4.0,Delivered,
261,500261,1,753,129,23,33,95,102.0,1,BlueRoad,Ground,4,7.0,4.0,Delayed,HubCongestion
262,500262,1,761,6,5,22,74,78.0,1,LineHaulOne,Express,4,4.0,4.0,Delivered,
263,500263,1,763,104,18,16,72,77.0,1,LineHaulOne,Ground,5,5.0,4.0,Delivered,
264,500264,1,765,25,5,3,75,80.0,1,LineHaulOne,Ground,4,5.0,4.0,Delivered,
265,500265,1,769,145,32,8,100,104.0,1,BlueRoad,Express,4,4.0,4.0,Delivered,
266,500266,1,770,170,32,8,8,11.0,1,LineHaulOne,Economy,3,3.0,4.0,Delivered,
267,500267,1,772,164,1,3,102,104.0,1,LineHaulOne,Ground,2,2.0,4.0,Delivered,
268,500268,1,774,187,9,11,55,58.0,1,NorthCarrier,Ground,4,3.0,4.0,Delivered,
269,500269,1,775,76,30,16,127,133.0,1,ParcelEx,Ground,2,6.0,4.0,Delayed,Capacity
270,500270,1,777,152,5,3,63,65.0,1,ParcelEx,Ground,2,2.0,4.0,Delivered,
271,500271,1,778,124,31,16,43,47.0,2,ParcelEx,Ground,5,4.0,4.0,Delivered,
272,500272,1,779,187,30,10,5,6.0,3,BlueRoad,Ground,2,1.0,4.0,Delivered,
273,500273,1,780,40,5,24,34,36.0,1,ParcelEx,Ground,3,2.0,4.0,Delivered,
274,500274,1,783,106,9,40,166,168.0,1,ParcelEx,Ground,2,2.0,4.0,Delivered,
275,500275,1,787,69,9,24,9,10.0,4,NorthCarrier,Ground,2,1.0,7.24,Delivered,
276,500276,1,790,83,1,39,123,124.0,1,ParcelEx,Ground,1,1.0,4.0,Delivered,
277,500277,1,791,149,32,3,56,59.0,1,ParcelEx,Ground,3,3.0,4.0,Delivered,
278,500278,1,801,161,23,3,31,39.0,1,LineHaulOne,Express,5,8.0,4.0,Delayed,Capacity
279,500279,1,804,146,25,2,137,140.0,1,BlueRoad,Ground,3,3.0,4.0,Delivered,
280,500280,1,805,18,32,33,40,41.0,1,NorthCarrier,Express,1,1.0,4.0,Delivered,
281,500281,1,806,162,14,22,52,55.0,1,ParcelEx,Express,2,3.0,4.0,Delivered,
282,500282,1,810,189,1,16,121,124.0,1,NorthCarrier,Ground,3,3.0,4.0,Delivered,
283,500283,1,819,162,30,3,98,99.0,1,BlueRoad,Ground,1,1.0,4.0,Delivered,
284,500284,1,827,117,25,16,78,82.0,1,BlueRoad,Express,5,4.0,4.0,Delivered,
285,500285,1,831,11,31,33,57,60.0,3,LineHaulOne,Express,4,3.0,5.97,Delivered,
286,500286,1,832,62,18,28,16,19.0,1,ParcelEx,Ground,2,3.0,4.0,Delayed,Capacity
287,500287,1,835,92,31,35,171,172.0,1,LineHaulOne,Ground,1,1.0,4.0,Delivered,
288,500288,1,836,50,23,33,156,157.0,1,BlueRoad,Ground,1,1.0,4.0,Delivered,
289,500289,1,842,189,18,3,113,116.0,3,BlueRoad,Ground,4,3.0,4.0,Delivered,
290,500290,1,843,36,9,12,59,61.0,1,BlueRoad,Ground,2,2.0,4.0,Delivered,
291,500291,1,845,22,31,22,176,178.0,1,LineHaulOne,Express,1,2.0,4.0,Delivered,
292,500292,1,846,121,30,11,132,137.0,2,ParcelEx,Ground,4,5.0,4.0,Delivered,
293,500293,1,851,80,32,3,33,36.0,2,BlueRoad,Ground,4,3.0,4.0,Delivered,
294,500294,1,852,197,31,40,40,42.0,1,LineHaulOne,Ground,3,2.0,4.0,Delivered,
295,500295,1,856,197,5,40,47,48.0,1,BlueRoad,Express,1,1.0,4.0,Delivered,
296,500296,1,858,159,9,3,92,95.0,1,ParcelEx,Ground,4,3.0,4.0,Delivered,
297,500297,1,866,180,25,16,164,166.0,1,BlueRoad,Economy,1,2.0,4.0,Delivered,
298,500298,2,866,180,25,16,165,167.0,1,ParcelEx,Ground,1,2.0,4.0,Delivered,
299,500299,1,869,80,30,35,148,150.0,2,NorthCarrier,Ground,1,2.0,4.0,Delivered,
300,500300,1,870,192,9,16,125,130.0,2,NorthCarrier,Express,3,5.0,4.12,Delayed,Capacity
301,500301,1,874,198,5,16,6,9.0,1,ParcelEx,Ground,2,3.0,4.0,Delivered,
302,500302,1,878,45,18,10,180,180.0,1,ParcelEx,Economy,3,2.0,4.0,Delivered,
303,500303,1,879,90,9,13,37,40.0,1,LineHaulOne,Ground,2,3.0,4.0,Delivered,
304,500304,1,882,91,1,3,163,165.0,1,ParcelEx,Ground,3,2.0,4.0,Delivered,
305,500305,1,889,62,1,10,129,130.0,1,NorthCarrier,Economy,1,1.0,4.0,Delivered,
306,500306,1,890,43,30,22,145,149.0,1,LineHaulOne,Express,5,4.0,4.0,Delivered,
307,500307,1,891,78,30,22,151,154.0,1,BlueRoad,Ground,4,3.0,4.0,Delivered,
308,500308,1,893,65,18,3,153,160.0,2,LineHaulOne,Ground,4,7.0,4.0,Delayed,Customs
309,500309,1,901,92,9,12,180,180.0,1,ParcelEx,Ground,4,4.0,4.0,Delivered,
310,500310,1,907,143,9,16,27,33.0,2,ParcelEx,Ground,5,6.0,4.0,Delivered,
311,500311,1,908,125,31,7,112,116.0,1,ParcelEx,Express,5,4.0,4.0,Delivered,
312,500312,1,909,55,25,16,133,137.0,1,NorthCarrier,Ground,4,4.0,4.0,Delivered,
313,500313,1,918,157,30,28,6,8.0,1,NorthCarrier,Ground,3,2.0,4.0,Delivered,
314,500314,1,920,80,9,16,6,8.0,1,ParcelEx,Ground,1,2.0,4.0,Delivered,
315,500315,1,922,91,32,38,46,53.0,1,LineHaulOne,Ground,4,7.0,4.0,Delayed,Capacity
316,500316,2,922,91,32,38,45,48.0,1,ParcelEx,Ground,3,3.0,4.0,Delivered,
317,500317,1,924,113,31,24,43,45.0,1,NorthCarrier,Ground,3,2.0,4.0,Delivered,
318,500318,1,927,57,25,16,43,47.0,1,ParcelEx,Economy,5,4.0,4.0,Delivered,
319,500319,1,929,114,14,10,9,13.0,1,LineHaulOne,Ground,4,4.0,4.0,Delivered,
320,500320,1,934,104,32,8,51,55.0,3,LineHaulOne,Express,5,4.0,5.23,Delivered,
321,500321,1,947,192,23,37,31,40.0,1,ParcelEx,Ground,5,9.0,4.0,Delayed,Customs
322,500322,1,948,69,32,33,179,,1,ParcelEx,Ground,4,,4.0,InTransit,
323,500323,1,959,124,14,3,95,99.0,1,NorthCarrier,Ground,5,4.0,4.0,Delivered,
324,500324,1,962,58,32,29,56,64.0,2,BlueRoad,Express,5,8.0,4.0,Delayed,Customs
325,500325,1,964,69,9,27,105,111.0,1,NorthCarrier,Express,5,6.0,4.0,Delivered,
326,500326,1,965,15,9,38,37,43.0,1,ParcelEx,Ground,5,6.0,4.0,Delivered,
327,500327,1,968,37,5,3,60,63.0,2,BlueRoad,Ground,2,3.0,4.0,Delivered,
328,500328,1,976,119,9,35,111,117.0,1,BlueRoad,Ground,5,6.0,4.0,Delivered,
329,500329,1,982,2,14,13,32,34.0,1,NorthCarrier,Express,1,2.0,4.0,Delayed,HubCongestion
330,500330,1,983,179,5,27,172,174.0,2,NorthCarrier,Ground,1,2.0,4.0,Delivered,
331,500331,1,987,190,1,3,57,62.0,2,LineHaulOne,Economy,5,5.0,4.0,Delivered,
332,500332,1,997,185,18,3,100,102.0,1,BlueRoad,Ground,2,2.0,4.0,Delivered,
333,500333,1,999,200,18,20,31,37.0,3,LineHaulOne,Ground,5,6.0,4.0,Delivered,
334,500334,1,1001,65,14,21,171,173.0,1,NorthCarrier,Express,3,2.0,4.0,Delivered,
335,500335,1,1005,91,23,20,136,142.0,1,NorthCarrier,Ground,5,6.0,4.0,Delivered,
336,500336,2,1005,91,23,20,137,141.0,1,LineHaulOne,Ground,2,4.0,4.0,Delayed,Capacity
337,500337,1,1006,135,1,27,33,38.0,4,ParcelEx,Economy,3,5.0,4.0,Delayed,Capacity
338,500338,1,1007,135,25,7,74,78.0,1,ParcelEx,Economy,3,4.0,4.0,Delivered,
339,500339,1,1009,41,5,24,82,86.0,2,ParcelEx,Ground,5,4.0,4.0,Delivered,
340,500340,1,1012,92,32,13,164,167.0,1,ParcelEx,Express,2,3.0,4.0,Delivered,
341,500341,1,1016,15,31,20,142,143.0,1,ParcelEx,Ground,1,1.0,4.0,Delivered,
342,500342,1,1018,100,18,40,162,166.0,1,LineHaulOne,Express,3,4.0,4.0,Delivered,
343,500343,1,1020,169,1,11,165,169.0,1,BlueRoad,Express,4,4.0,4.0,Delivered,
344,500344,1,1025,136,14,35,16,17.0,1,ParcelEx,Ground,1,1.0,4.0,Delivered,
345,500345,1,1031,91,9,24,75,77.0,2,NorthCarrier,Economy,3,2.0,4.0,Delivered,
346,500346,1,1032,110,30,16,6,12.0,1,BlueRoad,Ground,3,6.0,4.0,Delayed,Customs
347,500347,1,1041,111,1,27,73,76.0,2,NorthCarrier,Ground,2,3.0,4.0,Delivered,
348,500348,1,1042,151,31,39,81,83.0,1,BlueRoad,Ground,3,2.0,4.0,Delivered,
349,500349,1,1044,10,23,2,33,37.0,1,BlueRoad,Economy,5,4.0,4.0,Delivered,
350,500350,1,1046,149,32,27,72,74.0,1,NorthCarrier,Ground,2,2.0,4.0,Delivered,
351,500351,1,1047,51,25,27,111,115.0,2,ParcelEx,Ground,5,4.0,4.0,Delivered,
352,500352,1,1050,105,25,34,163,166.0,2,ParcelEx,Ground,2,3.0,4.0,Delivered,
353,500353,1,1053,155,18,28,59,63.0,1,NorthCarrier,Ground,3,4.0,4.0,Delivered,
354,500354,1,1054,2,31,8,150,152.0,1,LineHaulOne,Economy,2,2.0,4.0,Delivered,
355,500355,1,1055,2,30,24,161,163.0,1,ParcelEx,Economy,1,2.0,4.0,Delivered,
356,500356,1,1057,50,32,16,74,76.0,1,LineHaulOne,Ground,2,2.0,4.0,Delivered,
357,500357,2,1057,50,32,16,74,78.0,1,LineHaulOne,Express,5,4.0,4.0,Delivered,
358,500358,1,1059,110,23,20,13,17.0,1,ParcelEx,Express,4,4.0,4.0,Delivered,
359,500359,1,1062,29,23,40,47,52.0,1,LineHaulOne,Ground,4,5.0,4.0,Delivered,
360,500360,1,1066,86,1,36,83,86.0,3,LineHaulOne,Ground,3,3.0,4.94,Delivered,
361,500361,1,1068,104,25,29,146,152.0,1,ParcelEx,Ground,4,6.0,4.0,Delayed,Weather
362,500362,1,1077,174,5,11,65,66.0,1,ParcelEx,Ground,1,1.0,4.0,Delivered,
363,500363,1,1079,192,5,34,65,66.0,2,BlueRoad,Ground,2,1.0,4.0,Delivered,
364,500364,1,1084,113,31,11,47,52.0,1,ParcelEx,Express,5,5.0,4.0,Delivered,
365,500365,1,1086,51,14,22,29,34.0,2,LineHaulOne,Ground,1,5.0,4.0,Delayed,HubCongestion
366,500366,1,1087,71,30,10,126,128.0,1,LineHaulOne,Ground,3,2.0,4.0,Delivered,
367,500367,1,1090,96,9,28,21,23.0,2,BlueRoad,Economy,1,2.0,4.0,Delivered,
368,500368,1,1094,131,18,24,38,40.0,1,BlueRoad,Economy,2,2.0,4.0,Delivered,
369,500369,1,1099,54,14,20,45,50.0,1,ParcelEx,Ground,4,5.0,4.0,Delivered,
370,500370,1,1104,141,14,16,30,32.0,1,BlueRoad,Economy,1,2.0,4.0,Delivered,
371,500371,1,1106,35,31,27,79,81.0,1,LineHaulOne,Express,3,2.0,4.0,Delivered,
372,500372,1,1107,57,9,3,99,101.0,1,BlueRoad,Ground,3,2.0,4.0,Delivered,
373,500373,2,1107,57,9,3,98,100.0,1,BlueRoad,Ground,1,2.0,4.0,Delivered,
374,500374,1,1113,90,32,16,38,39.0,1,NorthCarrier,Express,2,1.0,4.0,Delivered,
375,500375,2,1113,90,32,16,37,40.0,1,NorthCarrier,Economy,3,3.0,4.0,Delivered,
376,500376,1,1115,100,14,2,53,55.0,1,ParcelEx,Economy,1,2.0,4.0,Delivered,
377,500377,1,1123,101,32,3,166,167.0,1,BlueRoad,Ground,1,1.0,4.0,Delivered,
378,500378,1,1125,58,32,16,154,159.0,1,BlueRoad,Ground,4,5.0,4.0,Delivered,
379,500379,1,1128,88,14,7,54,56.0,1,ParcelEx,Ground,1,2.0,4.0,Delivered,
380,500380,1,1134,197,9,16,49,52.0,2,BlueRoad,Ground,3,3.0,4.0,Delivered,
381,500381,2,1134,197,9,16,50,54.0,1,BlueRoad,Ground,5,4.0,4.0,Delivered,
382,500382,1,1138,91,1,12,91,95.0,1,LineHaulOne,Ground,5,4.0,4.0,Delivered,
383,500383,1,1144,94,31,12,90,94.0,1,LineHaulOne,Ground,5,4.0,4.0,Delivered,
384,500384,1,1145,187,30,38,6,12.0,1,NorthCarrier,Express,5,6.0,4.0,Delayed,Customs
385,500385,1,1149,10,18,27,52,55.0,1,LineHaulOne,Ground,2,3.0,4.0,Delivered,
386,500386,1,1150,193,32,24,49,51.0,2,BlueRoad,Ground,2,2.0,4.0,Delivered,
387,500387,1,1151,143,14,16,101,104.0,1,ParcelEx,Ground,4,3.0,4.0,Delivered,
388,500388,1,1152,62,25,27,54,59.0,1,LineHaulOne,Ground,5,5.0,4.0,Delivered,
389,500389,2,1152,62,25,27,55,59.0,2,BlueRoad,Ground,4,4.0,4.32,Delivered,
390,500390,1,1166,142,30,3,55,56.0,1,ParcelEx,Express,1,1.0,4.0,Delivered,
391,500391,1,1167,102,23,38,104,106.0,2,BlueRoad,Ground,2,2.0,4.0,Delivered,
392,500392,1,1168,87,5,37,67,71.0,1,BlueRoad,Express,4,4.0,4.0,Delivered,
393,500393,1,1170,120,18,11,5,9.0,1,ParcelEx,Ground,2,4.0,4.0,Delayed,Customs
394,500394,1,1173,3,25,36,81,85.0,2,BlueRoad,Ground,5,4.0,4.0,Delivered,
395,500395,1,1182,115,23,20,24,28.0,1,NorthCarrier,Economy,5,4.0,4.0,Delivered,
396,500396,1,1183,180,32,16,172,179.0,1,BlueRoad,Express,3,7.0,4.0,Delayed,Capacity
397,500397,1,1185,90,23,20,11,16.0,1,LineHaulOne,Ground,5,5.0,4.0,Delivered,
398,500398,1,1187,114,14,29,137,140.0,1,LineHaulOne,Ground,4,3.0,4.0,Delivered,
399,500399,2,1187,114,14,29,136,144.0,1,ParcelEx,Economy,4,8.0,4.0,Delayed,Customs
400,500400,1,1188,200,32,3,61,67.0,2,LineHaulOne,Ground,3,6.0,4.0,Delayed,HubCongestion
401,500401,1,1191,158,5,29,53,54.0,1,BlueRoad,Express,1,1.0,4.0,Delivered,
402,500402,1,1198,177,31,38,13,16.0,2,LineHaulOne,Ground,3,3.0,4.0,Delivered,
403,500403,1,1200,65,14,27,5,10.0,1,LineHaulOne,Ground,4,5.0,4.0,Delivered,
404,500404,1,1201,149,1,24,6,11.0,2,ParcelEx,Ground,4,5.0,4.0,Delivered,
405,500405,1,1202,165,18,3,32,36.0,1,LineHaulOne,Express,4,4.0,4.0,Delivered,
406,500406,1,1208,121,31,39,120,124.0,2,LineHaulOne,Ground,3,4.0,4.0,Delivered,
407,500407,1,1210,105,9,27,142,148.0,1,NorthCarrier,Ground,5,6.0,4.0,Delivered,
408,500408,1,1218,57,1,24,77,84.0,2,NorthCarrier,Ground,5,7.0,4.0,Delayed,Weather
409,500409,1,1219,97,5,27,153,155.0,1,BlueRoad,Express,1,2.0,4.0,Delivered,
410,500410,1,1220,20,9,33,55,57.0,1,ParcelEx,Express,2,2.0,4.0,Delivered,
411,500411,1,1225,147,14,3,167,171.0,2,BlueRoad,Economy,3,4.0,4.0,Delivered,
412,500412,1,1229,11,9,27,58,61.0,2,ParcelEx,Ground,4,3.0,4.28,Delivered,
413,500413,1,1245,7,30,16,58,61.0,1,ParcelEx,Ground,4,3.0,4.0,Delivered,
414,500414,1,1250,195,30,16,21,23.0,1,NorthCarrier,Express,1,2.0,4.0,Delivered,
415,500415,1,1252,62,1,16,91,92.0,1,BlueRoad,Ground,1,1.0,4.0,Delivered,
416,500416,1,1254,196,30,27,155,157.0,1,BlueRoad,Ground,3,2.0,4.0,Delivered,
417,500417,1,1259,58,18,12,56,59.0,1,NorthCarrier,Ground,2,3.0,4.0,Delivered,
418,500418,1,1263,180,23,2,75,76.0,2,NorthCarrier,Economy,1,1.0,4.0,Delivered,
419,500419,1,1268,7,30,16,69,75.0,1,BlueRoad,Economy,5,6.0,4.0,Delivered,
420,500420,1,1272,17,32,27,66,69.0,1,ParcelEx,Economy,3,3.0,4.0,Delivered,
421,500421,1,1274,29,14,33,108,113.0,1,ParcelEx,Ground,4,5.0,4.0,Delivered,
422,500422,1,1277,153,30,40,9,10.0,2,BlueRoad,Ground,1,1.0,4.0,Delivered,
423,500423,1,1282,98,1,28,27,29.0,1,LineHaulOne,Ground,1,2.0,4.0,Delivered,
424,500424,1,1286,19,32,8,139,142.0,2,LineHaulOne,Express,1,3.0,4.0,Delayed,Capacity
425,500425,1,1292,65,32,7,125,128.0,5,NorthCarrier,Ground,4,3.0,8.31,Delivered,
426,500426,1,1294,159,5,28,50,51.0,2,NorthCarrier,Ground,1,1.0,4.01,Delivered,
427,500427,1,1295,19,14,12,68,72.0,1,ParcelEx,Economy,5,4.0,4.0,Delivered,
428,500428,2,1295,19,14,12,68,72.0,1,NorthCarrier,Express,4,4.0,4.0,Delivered,
429,500429,1,1297,9,31,11,145,149.0,1,NorthCarrier,Ground,4,4.0,4.0,Delivered,
430,500430,2,1297,9,31,11,144,147.0,1,LineHaulOne,Ground,2,3.0,4.0,Delivered,
431,500431,1,1298,98,32,27,82,85.0,1,NorthCarrier,Economy,4,3.0,4.0,Delivered,
432,500432,2,1298,98,32,27,81,82.0,1,LineHaulOne,Ground,1,1.0,4.0,Delivered,
433,500433,1,1303,127,31,10,4,5.0,1,NorthCarrier,Ground,1,1.0,4.0,Delivered,
434,500434,1,1304,85,1,37,156,157.0,1,LineHaulOne,Ground,1,1.0,4.0,Delivered,
435,500435,1,1305,120,23,24,92,93.0,1,LineHaulOne,Ground,1,1.0,4.0,Delivered,
436,500436,1,1311,38,31,3,58,61.0,1,LineHaulOne,Express,3,3.0,4.0,Delivered,
437,500437,1,1316,151,14,34,25,27.0,1,BlueRoad,Ground,2,2.0,4.0,Delivered,
438,500438,1,1318,66,5,24,93,95.0,1,BlueRoad,Economy,1,2.0,4.0,Delivered,
439,500439,1,1320,149,5,7,55,57.0,1,BlueRoad,Ground,3,2.0,4.0,Delivered,
440,500440,1,1321,96,1,29,120,121.0,1,ParcelEx,Economy,1,1.0,4.0,Delivered,
441,500441,1,1322,5,5,16,40,43.0,1,NorthCarrier,Ground,2,3.0,4.0,Delivered,
442,500442,1,1328,78,25,8,136,139.0,1,LineHaulOne,Ground,4,3.0,4.0,Delivered,
443,500443,2,1328,78,25,8,137,139.0,1,NorthCarrier,Ground,3,2.0,4.0,Delivered,
444,500444,1,1329,9,14,35,15,19.0,1,ParcelEx,Ground,4,4.0,4.0,Delivered,
445,500445,2,1329,9,14,35,16,20.0,1,LineHaulOne,Ground,3,4.0,4.0,Delivered,
446,500446,1,1332,191,23,33,62,64.0,1,NorthCarrier,Ground,1,2.0,4.0,Delivered,
447,500447,1,1336,177,5,27,159,162.0,1,LineHaulOne,Express,2,3.0,4.0,Delivered,
448,500448,1,1337,36,32,24,29,34.0,4,LineHaulOne,Ground,4,5.0,7.3,Delivered,
449,500449,1,1338,57,5,39,78,83.0,1,BlueRoad,Ground,5,5.0,4.0,Delivered,
450,500450,1,1347,43,1,38,78,79.0,1,ParcelEx,Express,2,1.0,4.0,Delivered,
451,500451,1,1349,152,18,3,50,54.0,2,NorthCarrier,Express,5,4.0,4.0,Delivered,
452,500452,1,1362,150,5,16,91,92.0,1,NorthCarrier,Express,1,1.0,4.0,Delivered,
453,500453,1,1369,146,9,24,147,149.0,1,LineHaulOne,Ground,1,2.0,4.0,Delivered,
454,500454,1,1370,192,30,8,143,144.0,1,LineHaulOne,Economy,1,1.0,4.0,Delivered,
455,500455,1,1372,141,1,2,87,89.0,1,NorthCarrier,Economy,3,2.0,4.0,Delivered,
456,500456,1,1373,90,31,40,95,97.0,1,NorthCarrier,Express,3,2.0,4.0,Delivered,
457,500457,2,1373,90,31,40,95,99.0,1,ParcelEx,Ground,3,4.0,4.0,Delivered,
458,500458,1,1376,30,31,16,26,29.0,1,BlueRoad,Ground,3,3.0,4.0,Delivered,
459,500459,1,1377,80,23,40,148,150.0,1,LineHaulOne,Ground,1,2.0,4.0,Delivered,
460,500460,2,1377,80,23,40,148,149.0,1,NorthCarrier,Express,1,1.0,4.0,Delivered,
461,500461,1,1378,151,32,3,68,73.0,2,ParcelEx,Express,5,5.0,4.0,Delivered,
462,500462,1,1380,135,32,27,147,150.0,2,NorthCarrier,Ground,2,3.0,4.0,Delivered,
463,500463,1,1382,118,23,16,50,54.0,1,NorthCarrier,Economy,3,4.0,4.0,Delivered,
464,500464,1,1383,20,32,27,163,164.0,1,NorthCarrier,Express,2,1.0,4.0,Delivered,
465,500465,1,1384,97,18,38,156,160.0,1,BlueRoad,Economy,3,4.0,4.0,Delivered,
466,500466,1,1385,106,5,33,60,64.0,1,BlueRoad,Ground,4,4.0,4.0,Delivered,
467,500467,1,1386,76,14,27,99,104.0,1,NorthCarrier,Ground,4,5.0,4.0,Delivered,
468,500468,1,1387,64,23,16,57,63.0,1,NorthCarrier,Ground,5,6.0,4.0,Delivered,
469,500469,1,1390,158,9,37,180,180.0,1,BlueRoad,Express,5,4.0,4.0,Delivered,
470,500470,1,1391,131,1,27,136,140.0,1,BlueRoad,Express,5,4.0,4.0,Delivered,
471,500471,2,1391,131,1,27,136,138.0,1,NorthCarrier,Ground,2,2.0,4.0,Delivered,
472,500472,1,1392,123,1,3,130,133.0,2,NorthCarrier,Ground,2,3.0,4.0,Delivered,
473,500473,1,1393,35,5,16,133,134.0,4,ParcelEx,Ground,2,1.0,4.0,Delivered,
474,500474,1,1394,24,14,12,154,155.0,1,ParcelEx,Economy,1,1.0,4.0,Delivered,
475,500475,1,1396,23,25,3,144,151.0,1,NorthCarrier,Ground,5,7.0,4.0,Delayed,HubCongestion
476,500476,1,1397,2,30,27,65,70.0,2,LineHaulOne,Ground,4,5.0,4.0,Delivered,
477,500477,1,1398,153,5,24,84,88.0,1,BlueRoad,Economy,4,4.0,4.0,Delivered,
478,500478,1,1400,81,25,36,143,144.0,2,ParcelEx,Ground,1,1.0,4.0,Delivered,
479,500479,1,1410,84,1,37,62,65.0,1,NorthCarrier,Express,3,3.0,4.0,Delivered,
480,500480,1,1415,152,32,27,50,51.0,1,BlueRoad,Express,1,1.0,4.0,Delivered,
481,500481,1,1420,177,18,12,120,125.0,2,NorthCarrier,Ground,4,5.0,4.0,Delivered,
482,500482,1,1424,19,23,3,80,86.0,1,LineHaulOne,Express,2,6.0,4.0,Delayed,Capacity
483,500483,1,1426,171,9,33,178,179.0,1,BlueRoad,Express,1,1.0,4.0,Delivered,
484,500484,1,1427,35,5,27,37,45.0,1,BlueRoad,Ground,4,8.0,4.0,Delayed,Weather
485,500485,1,1429,91,23,2,116,118.0,1,LineHaulOne,Ground,3,2.0,4.0,Delivered,
486,500486,1,1431,9,25,27,44,46.0,3,LineHaulOne,Ground,1,2.0,4.18,Delivered,
487,500487,1,1436,176,14,21,113,119.0,1,ParcelEx,Ground,5,6.0,4.0,Delivered,
488,500488,1,1439,94,31,13,140,144.0,1,BlueRoad,Express,5,4.0,4.0,Delivered,
489,500489,1,1441,20,1,2,74,75.0,2,ParcelEx,Ground,2,1.0,4.0,Delivered,
490,500490,1,1442,51,25,8,115,119.0,3,LineHaulOne,Ground,3,4.0,5.13,Delivered,
491,500491,1,1446,98,14,16,129,132.0,1,NorthCarrier,Express,2,3.0,4.0,Delivered,
492,500492,2,1446,98,14,16,129,136.0,1,NorthCarrier,Ground,3,7.0,4.0,Delayed,Customs
493,500493,1,1450,72,25,16,165,168.0,1,ParcelEx,Express,2,3.0,4.0,Delivered,
494,500494,1,1453,86,31,20,168,174.0,1,NorthCarrier,Economy,3,6.0,4.0,Delayed,Weather
495,500495,1,1454,118,31,39,61,65.0,1,NorthCarrier,Ground,5,4.0,4.0,Delivered,
496,500496,1,1457,162,18,39,57,59.0,2,ParcelEx,Ground,2,2.0,4.0,Delivered,
497,500497,1,1463,5,23,8,164,172.0,2,NorthCarrier,Express,4,8.0,4.0,Delayed,Weather
498,500498,1,1464,19,23,33,114,115.0,1,BlueRoad,Express,1,1.0,4.0,Delivered,
499,500499,1,1471,118,18,38,25,26.0,2,NorthCarrier,Ground,1,1.0,4.0,Delivered,
500,500500,1,1473,142,5,33,43,47.0,2,BlueRoad,Express,5,4.0,4.0,Delivered,
501,500501,1,1480,120,9,27,177,180.0,1,BlueRoad,Ground,4,5.0,4.0,Delivered,
502,500502,1,1481,185,31,27,147,151.0,1,LineHaulOne,Express,5,4.0,4.0,Delivered,
503,500503,2,1481,185,31,27,147,151.0,1,LineHaulOne,Express,3,4.0,4.0,Delivered,
504,500504,1,1484,182,31,39,152,155.0,1,NorthCarrier,Ground,2,3.0,4.0,Delivered,
505,500505,1,1485,177,18,11,155,160.0,1,NorthCarrier,Economy,5,5.0,4.0,Delivered,
506,500506,1,1492,2,5,16,22,25.0,1,NorthCarrier,Express,4,3.0,4.0,Delivered,
507,500507,2,1492,2,5,16,23,26.0,1,NorthCarrier,Ground,4,3.0,4.0,Delivered,
508,500508,1,1494,125,9,22,65,67.0,1,NorthCarrier,Express,3,2.0,4.0,Delivered,
509,500509,1,1499,72,5,36,165,167.0,1,NorthCarrier,Ground,2,2.0,4.0,Delivered,
510,500510,1,1503,28,31,24,31,36.0,1,LineHaulOne,Ground,5,5.0,4.0,Delivered,
511,500511,1,1505,41,9,16,126,131.0,1,ParcelEx,Ground,4,5.0,4.0,Delayed,HubCongestion
512,500512,1,1509,120,23,27,6,8.0,1,NorthCarrier,Ground,2,2.0,4.0,Delivered,
513,500513,2,1509,120,23,27,6,10.0,1,LineHaulOne,Express,4,4.0,4.0,Delivered,
514,500514,3,1509,120,23,27,6,7.0,1,NorthCarrier,Express,1,1.0,4.0,Delivered,
515,500515,1,1510,77,1,16,169,170.0,1,ParcelEx,Express,2,1.0,4.0,Delivered,
516,500516,1,1512,22,5,36,172,173.0,1,NorthCarrier,Ground,2,1.0,4.0,Delivered,
517,500517,2,1512,22,5,36,172,175.0,1,ParcelEx,Ground,2,3.0,4.0,Delivered,
518,500518,1,1515,184,1,34,151,154.0,1,BlueRoad,Ground,2,3.0,4.0,Delivered,
519,500519,1,1521,69,18,27,13,20.0,1,BlueRoad,Ground,4,7.0,4.0,Delayed,Capacity
520,500520,2,1521,69,18,27,14,17.0,1,LineHaulOne,Ground,4,3.0,4.0,Delivered,
521,500521,3,1521,69,18,27,13,14.0,1,BlueRoad,Ground,2,1.0,4.0,Delivered,
522,500522,1,1526,113,14,28,4,10.0,1,ParcelEx,Ground,5,6.0,4.0,Delivered,
523,500523,1,1531,10,31,24,125,131.0,2,NorthCarrier,Ground,5,6.0,4.0,Delivered,
524,500524,1,1533,187,25,36,107,112.0,1,ParcelEx,Express,4,5.0,4.0,Delivered,
525,500525,1,1541,123,9,3,73,76.0,5,LineHaulOne,Express,3,3.0,5.46,Delivered,
526,500526,1,1547,21,1,38,119,123.0,1,BlueRoad,Economy,3,4.0,4.0,Delivered,
527,500527,1,1548,180,23,39,108,113.0,1,NorthCarrier,Ground,2,5.0,4.0,Delayed,Weather
528,500528,2,1548,180,23,39,109,113.0,1,NorthCarrier,Economy,5,4.0,4.0,Delivered,
529,500529,1,1553,79,30,3,180,180.0,1,LineHaulOne,Ground,4,3.0,4.0,Delivered,
530,500530,2,1553,79,30,3,179,180.0,1,ParcelEx,Express,3,2.0,4.0,Delivered,
531,500531,1,1566,147,5,3,141,143.0,1,BlueRoad,Ground,2,2.0,4.0,Delivered,
532,500532,2,1566,147,5,3,142,146.0,1,LineHaulOne,Express,5,4.0,4.0,Delivered,
533,500533,1,1571,183,18,27,180,180.0,1,ParcelEx,Economy,3,2.0,4.0,Delivered,
534,500534,2,1571,183,18,27,180,180.0,1,LineHaulOne,Ground,5,4.0,4.0,Delivered,
535,500535,1,1576,29,32,29,146,147.0,3,BlueRoad,Ground,1,1.0,5.07,Delivered,
536,500536,1,1577,135,25,34,14,15.0,2,LineHaulOne,Express,2,1.0,4.07,Delivered,
537,500537,1,1579,52,32,27,158,161.0,1,LineHaulOne,Ground,3,3.0,4.0,Delivered,
538,500538,1,1583,77,1,27,69,74.0,1,NorthCarrier,Economy,4,5.0,4.0,Delivered,
539,500539,1,1584,164,14,16,161,166.0,2,ParcelEx,Express,2,5.0,4.0,Delayed,Customs
540,500540,1,1590,61,1,36,153,156.0,2,NorthCarrier,Express,3,3.0,4.0,Delivered,
541,500541,1,1593,79,9,29,68,71.0,1,LineHaulOne,Ground,4,3.0,4.0,Delivered,
542,500542,1,1598,121,31,2,68,74.0,1,NorthCarrier,Ground,5,6.0,4.0,Delayed,HubCongestion
543,500543,1,1599,13,32,36,125,129.0,1,LineHaulOne,Economy,3,4.0,4.0,Delayed,Weather
544,500544,1,1601,20,30,29,112,117.0,1,ParcelEx,Ground,5,5.0,4.0,Delivered,
545,500545,1,1608,128,14,3,125,130.0,1,LineHaulOne,Economy,4,5.0,4.0,Delivered,
546,500546,2,1608,128,14,3,125,127.0,1,LineHaulOne,Ground,2,2.0,4.0,Delivered,
547,500547,3,1608,128,14,3,124,126.0,1,ParcelEx,Ground,3,2.0,4.0,Delivered,
548,500548,1,1609,88,32,3,85,86.0,3,NorthCarrier,Ground,1,1.0,4.45,Delivered,
549,500549,1,1614,65,25,2,34,38.0,1,BlueRoad,Express,4,4.0,4.0,Delivered,
550,500550,1,1618,165,9,34,102,105.0,1,LineHaulOne,Express,4,3.0,4.0,Delivered,
551,500551,1,1619,51,18,24,6,11.0,1,NorthCarrier,Ground,5,5.0,4.0,Delivered,
552,500552,2,1619,51,18,24,6,12.0,1,NorthCarrier,Economy,4,6.0,4.0,Delayed,Weather
553,500553,1,1621,18,31,34,59,62.0,1,ParcelEx,Ground,4,3.0,4.0,Delivered,
554,500554,1,1627,123,1,21,123,125.0,1,LineHaulOne,Ground,1,2.0,4.0,Delivered,
555,500555,1,1628,18,5,34,142,147.0,2,LineHaulOne,Ground,4,5.0,4.0,Delivered,
556,500556,1,1631,71,23,28,141,148.0,2,BlueRoad,Ground,3,7.0,4.0,Delayed,HubCongestion
557,500557,1,1632,128,14,40,17,19.0,1,BlueRoad,Ground,1,2.0,4.0,Delivered,
558,500558,1,1636,57,9,27,102,104.0,1,BlueRoad,Ground,1,2.0,4.0,Delivered,
559,500559,1,1642,104,30,24,114,116.0,1,BlueRoad,Ground,1,2.0,4.0,Delivered,
560,500560,1,1650,178,30,16,130,134.0,2,ParcelEx,Ground,4,4.0,4.35,Delivered,
561,500561,1,1652,21,14,8,153,157.0,3,LineHaulOne,Economy,3,4.0,4.0,Delivered,
562,500562,1,1653,172,9,2,111,117.0,2,ParcelEx,Ground,5,6.0,4.0,Delivered,
563,500563,1,1654,193,5,37,140,146.0,1,LineHaulOne,Express,5,6.0,4.0,Delivered,
564,500564,1,1655,134,14,24,62,66.0,1,NorthCarrier,Express,3,4.0,4.0,Delayed,Customs
565,500565,1,1660,187,14,3,59,60.0,1,NorthCarrier,Ground,2,1.0,4.0,Delivered,
566,500566,1,1661,24,32,37,54,55.0,1,BlueRoad,Express,2,1.0,4.0,Delivered,
567,500567,1,1664,139,14,27,87,91.0,1,LineHaulOne,Ground,4,4.0,4.0,Delivered,
568,500568,2,1664,139,14,27,87,89.0,1,NorthCarrier,Ground,1,2.0,4.0,Delivered,
569,500569,1,1667,82,23,40,129,134.0,1,NorthCarrier,Express,5,5.0,4.0,Delivered,
570,500570,1,1671,9,18,39,79,81.0,1,LineHaulOne,Ground,1,2.0,4.0,Delivered,
571,500571,1,1672,152,31,20,36,42.0,2,NorthCarrier,Economy,5,6.0,4.0,Delivered,
572,500572,1,1673,149,23,3,114,116.0,1,NorthCarrier,Ground,3,2.0,4.0,Delivered,
573,500573,1,1682,14,30,29,155,157.0,2,ParcelEx,Economy,3,2.0,4.0,Delivered,
574,500574,1,1687,86,32,10,132,137.0,1,NorthCarrier,Express,2,5.0,4.0,Delayed,HubCongestion
575,500575,1,1694,20,31,2,50,55.0,3,NorthCarrier,Express,4,5.0,4.0,Delivered,
576,500576,1,1697,139,30,35,119,124.0,1,LineHaulOne,Express,4,5.0,4.0,Delivered,
577,500577,1,1702,23,14,3,60,66.0,1,ParcelEx,Economy,5,6.0,4.0,Delivered,
578,500578,1,1704,177,9,29,16,21.0,1,BlueRoad,Ground,5,5.0,4.0,Delivered,
579,500579,1,1707,37,18,24,149,152.0,1,BlueRoad,Ground,2,3.0,4.0,Delivered,
580,500580,1,1708,82,9,29,55,56.0,1,NorthCarrier,Ground,2,1.0,4.0,Delivered,
581,500581,1,1711,14,31,22,128,130.0,1,LineHaulOne,Ground,2,2.0,4.0,Delivered,
582,500582,1,1716,85,5,40,23,24.0,1,NorthCarrier,Ground,2,1.0,4.0,Delivered,
583,500583,1,1720,98,32,21,26,30.0,1,NorthCarrier,Economy,5,4.0,4.0,Delivered,
584,500584,1,1725,105,30,2,176,180.0,2,LineHaulOne,Ground,5,4.0,4.0,Delivered,
585,500585,1,1726,23,30,35,163,166.0,1,NorthCarrier,Ground,4,3.0,4.0,Delivered,
586,500586,2,1726,23,30,35,163,165.0,1,LineHaulOne,Ground,3,2.0,4.0,Delivered,
587,500587,1,1729,191,1,16,179,180.0,4,BlueRoad,Ground,1,1.0,5.45,Delivered,
588,500588,1,1737,147,32,24,56,58.0,2,BlueRoad,Ground,2,2.0,4.0,Delivered,
589,500589,1,1738,88,25,16,39,40.0,2,ParcelEx,Express,1,1.0,4.0,Delivered,
590,500590,1,1740,43,5,27,86,87.0,1,ParcelEx,Ground,1,1.0,4.0,Delivered,
591,500591,1,1742,54,18,3,122,129.0,2,LineHaulOne,Ground,5,7.0,4.01,Delayed,Customs
592,500592,1,1743,124,23,21,70,74.0,1,BlueRoad,Ground,3,4.0,4.0,Delivered,
593,500593,1,1747,197,23,27,138,140.0,1,LineHaulOne,Ground,3,2.0,4.0,Delivered,
594,500594,2,1747,197,23,27,138,141.0,1,LineHaulOne,Ground,2,3.0,4.0,Delivered,
595,500595,3,1747,197,23,27,139,147.0,1,BlueRoad,Express,5,8.0,4.0,Delayed,Customs
596,500596,1,1752,17,1,2,121,123.0,1,BlueRoad,Express,1,2.0,4.0,Delivered,
597,500597,1,1756,13,18,13,54,58.0,1,NorthCarrier,Economy,3,4.0,4.0,Delivered,
598,500598,1,1760,92,5,27,9,13.0,2,LineHaulOne,Ground,3,4.0,4.0,Delayed,Weather
599,500599,1,1762,101,31,40,112,115.0,1,NorthCarrier,Ground,2,3.0,4.0,Delayed,Capacity
600,500600,1,1777,178,25,21,67,71.0,1,BlueRoad,Economy,3,4.0,4.0,Delivered,
601,500601,1,1778,162,32,38,84,85.0,1,BlueRoad,Ground,1,1.0,4.0,Delivered,
602,500602,2,1778,162,32,38,85,88.0,1,ParcelEx,Ground,4,3.0,4.0,Delivered,
603,500603,1,1787,191,32,27,30,31.0,4,NorthCarrier,Ground,1,1.0,5.29,Delivered,
604,500604,1,1789,156,23,10,142,148.0,1,LineHaulOne,Ground,5,6.0,4.0,Delivered,
605,500605,1,1791,166,23,28,26,31.0,2,NorthCarrier,Ground,5,5.0,4.0,Delivered,
606,500606,1,1794,28,1,10,134,139.0,1,LineHaulOne,Ground,4,5.0,4.0,Delivered,
607,500607,2,1794,28,1,10,134,139.0,2,BlueRoad,Ground,5,5.0,4.0,Delivered,
608,500608,1,1796,5,32,3,82,83.0,1,BlueRoad,Economy,1,1.0,4.0,Delivered,
609,500609,2,1796,5,32,3,83,85.0,1,ParcelEx,Ground,1,2.0,4.0,Delivered,
610,500610,1,1797,105,30,29,38,40.0,2,NorthCarrier,Ground,3,2.0,4.0,Delivered,
611,500611,1,1799,110,14,12,18,21.0,1,BlueRoad,Express,3,3.0,4.0,Delivered,
612,500612,1,1800,157,1,39,17,21.0,1,LineHaulOne,Economy,5,4.0,4.0,Delivered,
613,500613,2,1800,157,1,39,17,21.0,1,BlueRoad,Economy,4,4.0,4.0,Delivered,
614,500614,1,1803,142,25,37,7,10.0,1,LineHaulOne,Economy,4,3.0,4.0,Delivered,
615,500615,1,1804,87,30,29,70,72.0,1,LineHaulOne,Ground,3,2.0,4.0,Delivered,
616,500616,1,1807,155,31,3,149,151.0,1,BlueRoad,Economy,3,2.0,4.0,Delivered,
617,500617,2,1807,155,31,3,149,153.0,1,NorthCarrier,Ground,5,4.0,4.0,Delivered,
618,500618,1,1813,173,32,22,54,55.0,1,BlueRoad,Ground,1,1.0,4.0,Delivered,
619,500619,1,1814,57,9,28,150,153.0,1,LineHaulOne,Ground,3,3.0,4.0,Delivered,
620,500620,1,1815,27,31,21,40,42.0,1,LineHaulOne,Ground,2,2.0,4.0,Delivered,
621,500621,1,1816,3,31,27,9,11.0,1,BlueRoad,Economy,3,2.0,4.0,Delivered,
622,500622,1,1818,200,32,38,80,83.0,1,LineHaulOne,Ground,3,3.0,4.0,Delivered,
623,500623,1,1819,192,9,37,33,34.0,1,NorthCarrier,Ground,1,1.0,4.0,Delivered,
624,500624,1,1820,2,14,24,173,176.0,1,BlueRoad,Ground,4,3.0,4.0,Delivered,
625,500625,2,1820,2,14,24,172,175.0,1,ParcelEx,Ground,3,3.0,4.0,Delivered,
626,500626,3,1820,2,14,24,173,175.0,1,ParcelEx,Economy,3,2.0,4.0,Delivered,
627,500627,1,1823,61,30,10,7,12.0,1,NorthCarrier,Ground,4,5.0,4.0,Delivered,
628,500628,1,1827,109,32,3,55,56.0,1,BlueRoad,Ground,2,1.0,4.0,Delivered,
629,500629,1,1829,73,14,16,64,65.0,1,NorthCarrier,Express,1,1.0,4.0,Delivered,
630,500630,1,1833,45,25,22,88,94.0,2,LineHaulOne,Economy,5,6.0,4.0,Delivered,
631,500631,1,1834,163,5,24,142,147.0,2,NorthCarrier,Ground,4,5.0,4.0,Delivered,
632,500632,1,1838,105,23,27,27,30.0,1,LineHaulOne,Express,3,3.0,4.0,Delivered,
633,500633,1,1841,13,9,29,65,66.0,1,ParcelEx,Express,1,1.0,4.0,Delivered,
634,500634,2,1841,13,9,29,65,66.0,1,BlueRoad,Ground,1,1.0,4.0,Delivered,
635,500635,1,1848,140,32,3,68,69.0,1,NorthCarrier,Express,2,1.0,4.0,Delivered,
636,500636,1,1849,2,25,24,172,177.0,2,NorthCarrier,Ground,4,5.0,4.11,Delivered,
637,500637,1,1855,91,32,13,15,18.0,1,LineHaulOne,Ground,4,3.0,4.0,Delivered,
638,500638,1,1858,17,31,28,90,97.0,1,BlueRoad,Ground,4,7.0,4.0,Delayed,Weather
639,500639,2,1858,17,31,28,89,94.0,1,ParcelEx,Economy,5,5.0,4.0,Delivered,
640,500640,1,1859,27,23,3,82,83.0,1,LineHaulOne,Ground,2,1.0,4.0,Delivered,
641,500641,1,1864,8,5,39,34,36.0,2,NorthCarrier,Ground,1,2.0,4.0,Delivered,
642,500642,1,1866,176,30,24,44,48.0,2,NorthCarrier,Ground,5,4.0,4.0,Delivered,
643,500643,1,1868,177,5,13,133,134.0,2,ParcelEx,Economy,1,1.0,4.0,Delivered,
644,500644,1,1871,110,30,37,102,106.0,1,NorthCarrier,Ground,3,4.0,4.0,Delivered,
645,500645,1,1877,111,23,39,4,10.0,1,BlueRoad,Economy,5,6.0,4.0,Delivered,
646,500646,2,1877,111,23,39,4,6.0,1,ParcelEx,Ground,2,2.0,4.0,Delivered,
647,500647,1,1880,69,9,24,50,54.0,1,NorthCarrier,Ground,4,4.0,4.0,Delivered,
648,500648,1,1881,111,9,36,89,91.0,1,LineHaulOne,Ground,2,2.0,4.0,Delivered,
649,500649,1,1882,169,14,40,92,97.0,1,BlueRoad,Ground,5,5.0,4.0,Delivered,
650,500650,1,1891,165,5,38,44,46.0,1,BlueRoad,Economy,1,2.0,4.0,Delivered,
651,500651,2,1891,165,5,38,44,47.0,1,BlueRoad,Ground,4,3.0,4.0,Delivered,
652,500652,1,1894,190,30,3,149,153.0,1,ParcelEx,Ground,5,4.0,4.0,Delivered,
653,500653,1,1896,118,14,36,18,20.0,1,LineHaulOne,Ground,2,2.0,4.0,Delivered,
654,500654,1,1897,106,32,24,167,169.0,1,BlueRoad,Ground,2,2.0,4.0,Delivered,
655,500655,1,1899,106,9,27,160,167.0,2,ParcelEx,Economy,4,7.0,4.0,Delayed,HubCongestion
656,500656,1,1901,92,32,40,13,17.0,2,ParcelEx,Economy,5,4.0,4.0,Delivered,
657,500657,1,1903,76,9,10,79,80.0,2,NorthCarrier,Express,2,1.0,4.0,Delivered,
658,500658,1,1905,143,14,16,76,80.0,1,BlueRoad,Express,3,4.0,4.0,Delivered,
659,500659,1,1906,39,5,28,49,50.0,1,LineHaulOne,Ground,1,1.0,4.0,Delivered,
660,500660,1,1909,78,25,16,120,121.0,1,NorthCarrier,Ground,2,1.0,4.0,Delivered,
661,500661,2,1909,78,25,16,121,122.0,1,NorthCarrier,Ground,1,1.0,4.0,Delivered,
662,500662,1,1912,73,32,3,26,27.0,1,NorthCarrier,Ground,1,1.0,4.0,Delivered,
663,500663,1,1913,28,32,12,118,119.0,2,BlueRoad,Ground,2,1.0,4.0,Delivered,
664,500664,1,1925,165,25,21,180,180.0,1,BlueRoad,Express,2,3.0,4.0,Delivered,
665,500665,1,1934,99,1,7,157,160.0,1,BlueRoad,Economy,4,3.0,4.0,Delivered,
666,500666,1,1935,15,14,20,121,125.0,2,BlueRoad,Ground,5,4.0,4.0,Delivered,
667,500667,1,1938,36,25,27,43,45.0,1,LineHaulOne,Ground,3,2.0,4.0,Delivered,
668,500668,1,1941,200,18,20,156,157.0,1,NorthCarrier,Ground,1,1.0,4.0,Delivered,
669,500669,2,1941,200,18,20,157,161.0,1,ParcelEx,Ground,1,4.0,4.0,Delayed,Weather
670,500670,3,1941,200,18,20,157,159.0,1,BlueRoad,Ground,2,2.0,4.0,Delivered,
671,500671,1,1949,151,23,3,15,17.0,1,LineHaulOne,Ground,2,2.0,4.0,Delivered,
672,500672,2,1949,151,23,3,16,20.0,2,ParcelEx,Express,5,4.0,4.0,Delivered,
673,500673,3,1949,151,23,3,16,23.0,3,BlueRoad,Ground,4,7.0,4.63,Delayed,Capacity
674,500674,1,1954,114,31,36,136,137.0,1,BlueRoad,Express,2,1.0,4.0,Delivered,
675,500675,1,1955,64,23,40,48,51.0,1,NorthCarrier,Ground,3,3.0,4.0,Delivered,
676,500676,1,1959,124,23,33,131,136.0,2,ParcelEx,Express,5,5.0,4.0,Delivered,
677,500677,1,1963,24,1,3,13,15.0,1,ParcelEx,Express,2,2.0,4.0,Delivered,
678,500678,1,1968,106,5,24,180,180.0,1,LineHaulOne,Economy,3,4.0,4.0,Delivered,
679,500679,1,1970,151,30,3,45,46.0,4,ParcelEx,Ground,1,1.0,6.28,Delivered,
680,500680,1,1972,105,31,8,58,60.0,1,ParcelEx,Ground,1,2.0,4.0,Delivered,
681,500681,1,1982,186,23,3,63,66.0,1,ParcelEx,Ground,2,3.0,4.0,Delayed,HubCongestion
682,500682,1,1983,36,18,24,83,86.0,1,NorthCarrier,Ground,2,3.0,4.0,Delivered,
683,500683,1,1985,192,23,3,140,142.0,1,ParcelEx,Ground,2,2.0,4.0,Delivered,
684,500684,2,1985,192,23,3,141,142.0,1,NorthCarrier,Ground,1,1.0,4.0,Delivered,
685,500685,1,1987,153,9,40,155,159.0,2,BlueRoad,Ground,5,4.0,4.38,Delivered,
686,500686,1,1988,160,9,27,154,157.0,2,LineHaulOne,Economy,4,3.0,4.0,Delivered,
687,500687,1,1991,140,9,2,80,83.0,1,LineHaulOne,Ground,2,3.0,4.0,Delivered,
688,500688,1,1992,165,23,7,124,125.0,3,BlueRoad,Ground,1,1.0,4.0,Delivered,
689,500689,1,1998,128,31,39,127,129.0,1,ParcelEx,Ground,1,2.0,4.0,Delivered,
690,500690,1,2002,195,5,3,98,100.0,2,NorthCarrier,Ground,2,2.0,4.0,Delivered,
691,500691,1,2008,154,30,37,24,28.0,1,LineHaulOne,Express,4,4.0,4.0,Delivered,
692,500692,1,2010,44,9,11,163,168.0,3,BlueRoad,Economy,2,5.0,5.58,Delayed,Customs
693,500693,1,2012,136,23,27,158,163.0,1,NorthCarrier,Ground,4,5.0,4.0,Delivered,
694,500694,1,2018,107,5,27,147,151.0,1,BlueRoad,Express,3,4.0,4.0,Delivered,
695,500695,1,2020,46,18,20,63,67.0,1,ParcelEx,Ground,3,4.0,4.0,Delivered,
696,500696,1,2021,92,25,27,156,158.0,1,ParcelEx,Express,3,2.0,4.0,Delivered,
697,500697,1,2026,29,25,27,75,79.0,1,LineHaulOne,Economy,3,4.0,4.0,Delivered,
698,500698,2,2026,29,25,27,75,83.0,1,LineHaulOne,Ground,5,8.0,4.0,Lost,Weather
699,500699,3,2026,29,25,27,76,82.0,1,ParcelEx,Ground,3,6.0,4.0,Delayed,HubCongestion
700,500700,1,2030,191,25,37,35,41.0,1,NorthCarrier,Ground,5,6.0,4.0,Delivered,
701,500701,1,2033,116,30,10,143,150.0,3,ParcelEx,Economy,4,7.0,4.0,Delayed,Weather
702,500702,1,2034,180,5,16,103,108.0,2,ParcelEx,Ground,3,5.0,4.0,Delayed,Capacity
703,500703,1,2040,84,1,13,178,180.0,2,NorthCarrier,Economy,5,6.0,4.0,Delivered,
704,500704,1,2041,113,1,20,83,87.0,1,NorthCarrier,Express,4,4.0,4.0,Delivered,
705,500705,1,2045,183,32,22,126,130.0,1,BlueRoad,Ground,3,4.0,4.0,Delivered,
706,500706,1,2046,82,31,34,119,125.0,1,ParcelEx,Express,5,6.0,4.0,Delivered,
707,500707,1,2048,88,23,22,146,150.0,2,ParcelEx,Economy,5,4.0,4.19,Delivered,
708,500708,1,2050,152,32,24,67,73.0,1,BlueRoad,Ground,2,6.0,4.0,Delayed,HubCongestion
709,500709,1,2053,120,30,7,77,79.0,1,ParcelEx,Express,3,2.0,4.0,Delivered,
710,500710,2,2053,120,30,7,76,78.0,1,NorthCarrier,Ground,2,2.0,4.0,Delivered,
711,500711,1,2059,177,31,16,154,159.0,1,NorthCarrier,Economy,1,5.0,4.0,Delayed,Capacity
712,500712,1,2065,185,32,24,67,68.0,1,LineHaulOne,Ground,2,1.0,4.0,Delivered,
713,500713,1,2067,3,23,13,133,136.0,2,ParcelEx,Ground,3,3.0,4.0,Delivered,
714,500714,1,2069,169,25,8,91,96.0,3,NorthCarrier,Ground,4,5.0,4.0,Delivered,
715,500715,1,2070,162,9,28,50,53.0,2,BlueRoad,Express,4,3.0,4.0,Delivered,
716,500716,1,2072,53,31,35,29,33.0,1,NorthCarrier,Economy,5,4.0,4.0,Delivered,
717,500717,1,2074,144,1,33,139,147.0,1,BlueRoad,Economy,5,8.0,4.0,Delayed,Weather
718,500718,1,2077,123,5,16,88,89.0,3,LineHaulOne,Ground,1,1.0,5.56,Delivered,
719,500719,1,2081,191,14,24,174,178.0,1,NorthCarrier,Ground,5,4.0,4.0,Delivered,
720,500720,1,2082,5,5,16,32,34.0,3,LineHaulOne,Ground,1,2.0,4.0,Delivered,
721,500721,1,2089,69,1,38,126,128.0,1,LineHaulOne,Ground,3,2.0,4.0,Delivered,
722,500722,1,2096,110,25,28,180,180.0,1,NorthCarrier,Ground,5,5.0,4.0,Delivered,
723,500723,1,2099,153,5,28,46,51.0,1,BlueRoad,Economy,1,5.0,4.0,Delayed,Customs
724,500724,2,2099,153,5,28,45,50.0,1,LineHaulOne,Express,5,5.0,4.0,Delivered,
725,500725,1,2108,109,31,27,179,180.0,1,NorthCarrier,Ground,5,4.0,4.0,Delivered,
726,500726,1,2114,35,9,24,58,60.0,1,BlueRoad,Express,2,2.0,4.0,Delivered,
727,500727,1,2117,163,18,11,169,171.0,1,ParcelEx,Economy,2,2.0,4.0,Delivered,
728,500728,1,2118,199,5,16,6,10.0,3,NorthCarrier,Express,4,4.0,5.26,Delivered,
729,500729,1,2119,136,18,27,129,130.0,1,BlueRoad,Express,1,1.0,4.0,Delivered,
730,500730,1,2121,45,25,27,133,139.0,3,NorthCarrier,Ground,3,6.0,4.54,Delayed,Weather
731,500731,1,2122,179,18,24,180,180.0,1,BlueRoad,Economy,3,3.0,4.0,Delivered,
732,500732,1,2126,98,31,8,31,35.0,1,ParcelEx,Ground,3,4.0,4.0,Delivered,
733,500733,1,2127,56,25,29,118,122.0,1,LineHaulOne,Ground,4,4.0,4.0,Delivered,
734,500734,1,2128,96,25,16,159,164.0,1,NorthCarrier,Ground,4,5.0,4.0,Delivered,
735,500735,1,2134,41,25,37,119,121.0,1,ParcelEx,Ground,1,2.0,4.0,Delivered,
736,500736,1,2135,5,30,27,148,152.0,2,LineHaulOne,Economy,4,4.0,4.31,Delivered,
737,500737,1,2140,184,14,3,90,93.0,1,ParcelEx,Ground,2,3.0,4.0,Delivered,
738,500738,1,2141,132,9,39,105,114.0,1,ParcelEx,Ground,5,9.0,4.0,Delayed,HubCongestion
739,500739,1,2142,172,1,35,139,144.0,1,ParcelEx,Express,4,5.0,4.0,Delivered,
740,500740,1,2147,80,32,24,149,155.0,1,BlueRoad,Economy,5,6.0,4.0,Delivered,
741,500741,1,2152,133,30,34,78,82.0,1,BlueRoad,Ground,3,4.0,4.0,Delivered,
742,500742,1,2156,59,14,13,166,169.0,1,LineHaulOne,Ground,1,3.0,4.0,Delayed,HubCongestion
743,500743,1,2157,121,14,8,123,124.0,2,BlueRoad,Ground,1,1.0,4.0,Delivered,
744,500744,1,2164,172,1,3,132,133.0,1,BlueRoad,Economy,1,1.0,4.0,Delivered,
745,500745,1,2168,179,14,22,19,21.0,1,NorthCarrier,Ground,3,2.0,4.0,Delivered,
746,500746,1,2169,174,5,35,173,176.0,1,NorthCarrier,Express,4,3.0,4.0,Delivered,
747,500747,1,2174,104,9,16,159,162.0,1,BlueRoad,Economy,2,3.0,4.0,Delivered,
748,500748,1,2181,143,25,22,123,127.0,1,ParcelEx,Ground,5,4.0,4.0,Delivered,
749,500749,1,2183,86,31,20,18,19.0,2,NorthCarrier,Express,1,1.0,4.0,Delivered,
750,500750,1,2184,104,5,27,77,83.0,1,LineHaulOne,Ground,5,6.0,4.0,Delivered,
751,500751,1,2186,22,14,12,89,93.0,1,LineHaulOne,Ground,3,4.0,4.0,Delivered,
752,500752,1,2197,135,5,36,83,84.0,1,NorthCarrier,Ground,1,1.0,4.0,Delivered,
753,500753,1,2200,124,9,21,138,144.0,1,NorthCarrier,Ground,5,6.0,4.0,Delayed,Customs
754,500754,1,2205,72,25,20,27,29.0,1,LineHaulOne,Ground,2,2.0,4.0,Delivered,
755,500755,1,2216,81,18,36,167,168.0,3,ParcelEx,Ground,2,1.0,6.17,Delivered,
756,500756,1,2219,151,32,8,50,55.0,2,LineHaulOne,Ground,5,5.0,4.0,Delivered,
757,500757,1,2220,11,23,20,90,94.0,3,BlueRoad,Ground,4,4.0,6.07,Delivered,
758,500758,1,2224,177,18,40,99,100.0,1,BlueRoad,Economy,2,1.0,4.0,Delivered,
759,500759,1,2225,61,18,3,28,30.0,3,BlueRoad,Ground,1,2.0,6.12,Delivered,
760,500760,1,2232,166,25,8,90,93.0,1,BlueRoad,Express,2,3.0,4.0,Delivered,
761,500761,1,2233,22,18,11,56,58.0,1,LineHaulOne,Ground,2,2.0,4.0,Delivered,
762,500762,1,2235,79,23,16,119,122.0,1,LineHaulOne,Economy,3,3.0,4.0,Delivered,
763,500763,1,2247,10,30,10,23,27.0,1,BlueRoad,Express,4,4.0,4.0,Delivered,
764,500764,1,2248,135,18,3,77,80.0,2,LineHaulOne,Economy,4,3.0,4.0,Delivered,
765,500765,2,2248,135,18,3,77,79.0,1,NorthCarrier,Ground,1,2.0,4.0,Delivered,
766,500766,3,2248,135,18,3,77,79.0,1,ParcelEx,Ground,1,2.0,4.0,Delivered,
767,500767,1,2251,97,32,3,41,45.0,1,LineHaulOne,Express,3,4.0,4.0,Delivered,
768,500768,1,2252,179,14,39,174,177.0,1,LineHaulOne,Ground,2,3.0,4.0,Delayed,Weather
769,500769,1,2253,25,5,34,88,89.0,1,NorthCarrier,Ground,1,1.0,4.0,Delivered,
770,500770,1,2257,177,30,21,42,43.0,1,ParcelEx,Express,1,1.0,4.0,Delivered,
771,500771,1,2263,69,23,27,160,162.0,1,ParcelEx,Ground,2,2.0,4.0,Delivered,
772,500772,2,2263,69,23,27,160,161.0,4,NorthCarrier,Ground,1,1.0,4.0,Delivered,
773,500773,1,2264,83,9,16,136,141.0,3,BlueRoad,Ground,5,5.0,5.27,Delivered,
774,500774,1,2266,100,14,27,67,73.0,1,LineHaulOne,Ground,5,6.0,4.0,Delayed,Customs
775,500775,1,2268,108,32,16,61,65.0,2,BlueRoad,Ground,5,4.0,4.0,Delivered,
776,500776,1,2269,87,32,29,51,54.0,2,ParcelEx,Ground,3,3.0,4.0,Delivered,
777,500777,1,2270,17,18,3,135,136.0,2,ParcelEx,Express,1,1.0,4.0,Delivered,
778,500778,1,2275,192,14,7,179,180.0,1,LineHaulOne,Economy,4,4.0,4.0,Delivered,
779,500779,1,2276,69,18,24,11,17.0,4,BlueRoad,Express,5,6.0,7.24,Delivered,
780,500780,1,2279,67,31,24,83,84.0,1,ParcelEx,Ground,1,1.0,4.0,Delivered,
781,500781,1,2283,28,14,16,166,168.0,2,BlueRoad,Economy,2,2.0,4.0,Delivered,
782,500782,1,2284,139,23,24,43,44.0,1,ParcelEx,Ground,2,1.0,4.0,Delivered,
783,500783,1,2289,130,14,24,77,79.0,2,LineHaulOne,Ground,1,2.0,4.13,Delivered,
784,500784,1,2291,144,23,24,174,177.0,1,ParcelEx,Express,2,3.0,4.0,Delivered,
785,500785,1,2292,5,32,29,98,102.0,1,ParcelEx,Ground,3,4.0,4.0,Delivered,
786,500786,1,2294,114,25,27,165,170.0,1,BlueRoad,Ground,4,5.0,4.0,Delivered,
787,500787,1,2304,62,14,36,152,153.0,1,BlueRoad,Express,2,1.0,4.0,Delivered,
788,500788,1,2308,139,25,21,73,74.0,2,NorthCarrier,Ground,1,1.0,4.0,Delivered,
789,500789,1,2310,11,23,24,130,131.0,2,BlueRoad,Ground,2,1.0,4.0,Delivered,
790,500790,1,2311,17,1,37,13,18.0,1,NorthCarrier,Ground,2,5.0,4.0,Delayed,Weather
791,500791,1,2314,5,5,28,22,25.0,4,NorthCarrier,Ground,3,3.0,5.75,Delivered,
792,500792,1,2315,101,23,35,177,,1,LineHaulOne,Express,5,,4.0,InTransit,
793,500793,2,2315,101,23,35,178,180.0,1,LineHaulOne,Ground,4,4.0,4.0,Delivered,
794,500794,1,2319,38,23,28,62,64.0,2,ParcelEx,Economy,3,2.0,4.0,Delivered,
795,500795,1,2320,141,14,12,86,87.0,1,NorthCarrier,Express,2,1.0,4.0,Delivered,
796,500796,1,2322,172,18,16,32,34.0,1,BlueRoad,Ground,1,2.0,4.0,Delivered,
797,500797,1,2324,186,9,11,103,104.0,1,BlueRoad,Ground,1,1.0,4.0,Delivered,
798,500798,1,2325,42,30,39,137,139.0,1,LineHaulOne,Ground,1,2.0,4.0,Delivered,
799,500799,1,2328,22,23,3,73,74.0,1,LineHaulOne,Ground,1,1.0,4.0,Delivered,
800,500800,1,2343,82,32,16,179,180.0,1,NorthCarrier,Ground,5,6.0,4.0,Delivered,
801,500801,1,2345,164,18,24,11,14.0,1,LineHaulOne,Express,3,3.0,4.0,Delivered,
802,500802,1,2347,78,31,16,38,42.0,1,NorthCarrier,Economy,2,4.0,4.0,Delayed,Capacity
803,500803,1,2350,67,23,33,134,140.0,1,NorthCarrier,Ground,5,6.0,4.0,Delivered,
804,500804,1,2354,166,1,11,63,66.0,2,ParcelEx,Ground,2,3.0,4.0,Delivered,
805,500805,1,2363,97,32,3,64,66.0,2,NorthCarrier,Ground,2,2.0,4.21,Delivered,
806,500806,1,2372,65,14,16,77,82.0,1,LineHaulOne,Economy,5,5.0,4.0,Delivered,
807,500807,1,2376,123,31,37,39,40.0,1,NorthCarrier,Economy,1,1.0,4.0,Delivered,
808,500808,1,2377,110,31,13,149,157.0,1,ParcelEx,Ground,4,8.0,4.0,Delayed,Weather
809,500809,1,2378,162,32,13,125,128.0,1,LineHaulOne,Express,4,3.0,4.0,Delivered,
810,500810,1,2380,144,30,20,9,10.0,2,LineHaulOne,Ground,1,1.0,4.0,Delivered,
811,500811,1,2381,34,31,11,134,137.0,1,NorthCarrier,Ground,2,3.0,4.0,Delivered,
812,500812,1,2383,164,14,27,100,103.0,1,BlueRoad,Ground,3,3.0,4.0,Delivered,
813,500813,2,2383,164,14,27,100,104.0,1,BlueRoad,Ground,3,4.0,4.0,Delivered,
814,500814,3,2383,164,14,27,101,104.0,1,BlueRoad,Express,3,3.0,4.0,Delivered,
815,500815,1,2384,51,23,3,39,43.0,2,ParcelEx,Express,3,4.0,4.0,Delivered,
816,500816,1,2386,72,32,24,116,118.0,1,BlueRoad,Ground,2,2.0,4.0,Delivered,
817,500817,1,2387,103,9,3,129,134.0,1,LineHaulOne,Express,4,5.0,4.0,Delivered,
818,500818,1,2390,44,23,8,45,47.0,2,NorthCarrier,Economy,3,2.0,4.0,Delivered,
819,500819,1,2391,105,25,27,55,61.0,2,LineHaulOne,Ground,5,6.0,4.16,Delayed,Customs
820,500820,1,2397,109,18,16,156,162.0,1,LineHaulOne,Ground,5,6.0,4.0,Delayed,Customs
821,500821,1,2399,172,5,3,41,47.0,1,ParcelEx,Ground,5,6.0,4.0,Delivered,
822,500822,1,2403,118,31,37,154,156.0,2,NorthCarrier,Ground,2,2.0,4.0,Delivered,
823,500823,1,2405,95,18,33,85,91.0,2,ParcelEx,Ground,5,6.0,4.0,Delivered,
824,500824,1,2407,123,23,3,86,87.0,2,NorthCarrier,Ground,2,1.0,4.0,Delivered,
825,500825,1,2417,125,14,3,48,50.0,1,LineHaulOne,Express,2,2.0,4.0,Delivered,
826,500826,1,2420,127,31,27,165,166.0,1,NorthCarrier,Express,2,1.0,4.0,Delivered,
827,500827,1,2424,200,30,3,88,89.0,1,BlueRoad,Ground,2,1.0,4.0,Delivered,
828,500828,1,2426,168,9,27,180,180.0,2,BlueRoad,Express,1,1.0,4.0,Delivered,
829,500829,1,2427,174,14,27,91,98.0,1,LineHaulOne,Ground,3,7.0,4.0,Delayed,HubCongestion
830,500830,2,2427,174,14,27,91,92.0,2,ParcelEx,Ground,2,1.0,4.0,Delivered,
831,500831,1,2428,101,14,16,145,149.0,3,NorthCarrier,Ground,4,4.0,4.3,Delivered,
832,500832,1,2429,40,5,37,105,106.0,2,LineHaulOne,Express,1,1.0,4.0,Delivered,
833,500833,1,2430,49,32,20,71,76.0,1,LineHaulOne,Economy,4,5.0,4.0,Delivered,
834,500834,2,2430,49,32,20,70,74.0,1,NorthCarrier,Ground,3,4.0,4.0,Delivered,
835,500835,3,2430,49,32,20,71,72.0,1,LineHaulOne,Ground,2,1.0,4.0,Delivered,
836,500836,1,2434,45,30,24,175,180.0,1,LineHaulOne,Ground,4,5.0,4.0,Delivered,
837,500837,2,2434,45,30,24,176,180.0,1,LineHaulOne,Ground,3,4.0,4.0,Delivered,
838,500838,1,2438,56,18,27,145,150.0,1,LineHaulOne,Express,4,5.0,4.0,Delivered,
839,500839,1,2440,128,18,13,163,165.0,1,NorthCarrier,Ground,3,2.0,4.0,Delivered,
840,500840,1,2442,46,18,2,62,66.0,2,LineHaulOne,Economy,4,4.0,4.0,Delivered,
841,500841,1,2443,169,18,35,38,41.0,1,ParcelEx,Ground,3,3.0,4.0,Delivered,
842,500842,1,2445,22,14,38,77,83.0,1,NorthCarrier,Express,5,6.0,4.0,Delivered,
843,500843,1,2446,162,25,8,119,120.0,1,BlueRoad,Ground,1,1.0,4.0,Delivered,
844,500844,1,2447,29,30,28,46,50.0,1,LineHaulOne,Ground,3,4.0,4.0,Delivered,
845,500845,2,2447,29,30,28,47,50.0,1,LineHaulOne,Express,2,3.0,4.0,Delivered,
846,500846,1,2452,64,5,16,3,4.0,1,BlueRoad,Express,2,1.0,4.0,Delivered,
847,500847,1,2454,44,1,16,173,178.0,1,BlueRoad,Ground,4,5.0,4.0,Delivered,
848,500848,1,2458,125,5,40,180,180.0,2,ParcelEx,Express,2,1.0,4.0,Delivered,
849,500849,2,2458,125,5,40,180,180.0,3,ParcelEx,Ground,2,3.0,5.71,Delivered,
850,500850,1,2461,114,25,24,167,172.0,1,NorthCarrier,Ground,4,5.0,4.0,Delivered,
851,500851,1,2466,66,32,24,46,48.0,1,LineHaulOne,Ground,2,2.0,4.0,Delivered,
852,500852,1,2469,36,25,24,20,25.0,1,NorthCarrier,Ground,5,5.0,4.0,Delivered,
853,500853,1,2470,70,32,10,41,44.0,1,BlueRoad,Ground,2,3.0,4.0,Delivered,
854,500854,1,2473,83,32,16,82,83.0,4,LineHaulOne,Ground,1,1.0,5.66,Delivered,
855,500855,1,2474,98,9,10,145,151.0,1,NorthCarrier,Ground,5,6.0,4.0,Delivered,
856,500856,1,2478,11,32,7,95,96.0,1,NorthCarrier,Economy,1,1.0,4.0,Delivered,
857,500857,1,2482,131,30,3,127,129.0,3,BlueRoad,Ground,3,2.0,4.72,Delivered,
858,500858,1,2485,176,30,20,166,172.0,1,ParcelEx,Ground,5,6.0,4.0,Delivered,
859,500859,2,2485,176,30,20,166,170.0,1,LineHaulOne,Express,4,4.0,4.0,Delivered,
860,500860,1,2487,39,30,16,104,110.0,1,NorthCarrier,Economy,5,6.0,4.0,Delivered,
861,500861,1,2489,161,1,36,109,112.0,1,BlueRoad,Express,4,3.0,4.0,Delivered,
862,500862,1,2500,104,9,27,158,161.0,1,ParcelEx,Ground,1,3.0,4.0,Delayed,HubCongestion
863,500863,1,2503,112,9,27,167,170.0,1,LineHaulOne,Ground,3,3.0,4.0,Delivered,
864,500864,1,2505,171,18,28,180,180.0,4,NorthCarrier,Ground,4,5.0,5.98,Delivered,
865,500865,1,2508,2,25,16,15,19.0,2,ParcelEx,Ground,5,4.0,4.0,Delivered,
866,500866,1,2511,90,32,12,8,11.0,1,ParcelEx,Ground,2,3.0,4.0,Delivered,
867,500867,1,2512,179,32,33,161,162.0,1,ParcelEx,Ground,1,1.0,4.0,Delivered,
868,500868,1,2513,109,23,24,5,8.0,1,ParcelEx,Ground,3,3.0,4.0,Delivered,
869,500869,2,2513,109,23,24,5,8.0,1,BlueRoad,Ground,3,3.0,4.0,Delivered,
870,500870,1,2520,107,5,27,76,82.0,2,ParcelEx,Ground,5,6.0,4.0,Delivered,
871,500871,1,2537,187,18,3,102,103.0,1,BlueRoad,Express,1,1.0,4.0,Delivered,
872,500872,1,2540,187,31,16,96,98.0,1,BlueRoad,Express,2,2.0,4.0,Delivered,
873,500873,1,2544,135,1,24,48,52.0,1,LineHaulOne,Ground,4,4.0,4.0,Delivered,
874,500874,1,2547,93,30,37,122,125.0,1,BlueRoad,Ground,2,3.0,4.0,Delivered,
875,500875,1,2548,123,25,3,33,35.0,1,ParcelEx,Ground,2,2.0,4.0,Delivered,
876,500876,1,2553,166,32,24,132,138.0,1,ParcelEx,Express,5,6.0,4.0,Delivered,
877,500877,2,2553,166,32,24,132,136.0,1,BlueRoad,Ground,3,4.0,4.0,Delivered,
878,500878,1,2563,104,23,22,133,137.0,3,LineHaulOne,Ground,3,4.0,4.24,Delivered,
879,500879,1,2568,142,25,3,114,116.0,1,NorthCarrier,Ground,2,2.0,4.0,Delivered,
880,500880,1,2570,181,1,37,42,44.0,1,LineHaulOne,Ground,2,2.0,4.0,Delivered,
881,500881,1,2578,195,18,27,28,31.0,2,NorthCarrier,Ground,2,3.0,4.0,Delivered,
882,500882,1,2579,189,30,16,60,64.0,1,ParcelEx,Express,3,4.0,4.0,Delivered,
883,500883,1,2592,140,14,21,5,6.0,1,ParcelEx,Ground,1,1.0,4.0,Delivered,
884,500884,1,2593,65,18,7,19,23.0,2,LineHaulOne,Ground,5,4.0,4.0,Delivered,
885,500885,1,2597,5,14,36,95,98.0,1,NorthCarrier,Express,4,3.0,4.0,Delivered,
886,500886,1,2598,155,1,27,175,179.0,1,ParcelEx,Ground,4,4.0,4.0,Delivered,
887,500887,1,2599,98,18,35,67,69.0,1,ParcelEx,Express,1,2.0,4.0,Delivered,
888,500888,1,2616,75,25,24,36,39.0,1,ParcelEx,Ground,4,3.0,4.0,Delivered,
889,500889,1,2624,108,18,8,12,18.0,1,BlueRoad,Ground,5,6.0,4.0,Delivered,
890,500890,1,2625,153,5,8,144,147.0,1,LineHaulOne,Ground,4,3.0,4.0,Delivered,
891,500891,1,2629,10,32,2,17,22.0,3,ParcelEx,Express,4,5.0,4.0,Delivered,
892,500892,1,2635,101,18,16,40,45.0,1,NorthCarrier,Express,4,5.0,4.0,Delivered,
893,500893,1,2639,85,9,40,9,10.0,1,ParcelEx,Economy,1,1.0,4.0,Delivered,
894,500894,1,2643,180,25,40,4,7.0,1,LineHaulOne,Express,3,3.0,4.0,Delivered,
895,500895,1,2645,129,14,35,87,89.0,1,BlueRoad,Ground,3,2.0,4.0,Delivered,
896,500896,1,2646,117,9,16,135,137.0,2,LineHaulOne,Ground,3,2.0,4.0,Delivered,
897,500897,1,2648,185,31,2,42,47.0,1,ParcelEx,Ground,4,5.0,4.0,Delivered,
898,500898,1,2649,167,30,27,96,101.0,1,NorthCarrier,Ground,5,5.0,4.0,Delivered,
899,500899,1,2650,82,5,13,35,37.0,2,ParcelEx,Ground,1,2.0,4.0,Delivered,
900,500900,1,2651,24,32,7,164,171.0,2,BlueRoad,Ground,4,7.0,4.0,Delayed,Capacity
901,500901,1,2666,90,32,24,105,106.0,2,LineHaulOne,Express,1,1.0,4.0,Delivered,
902,500902,1,2669,129,32,36,155,160.0,1,BlueRoad,Ground,4,5.0,4.0,Delivered,
903,500903,1,2670,107,14,27,158,166.0,2,BlueRoad,Ground,5,8.0,4.0,Delayed,Customs
904,500904,1,2684,188,1,3,59,60.0,1,LineHaulOne,Ground,1,1.0,4.0,Delivered,
905,500905,1,2685,121,23,34,166,168.0,1,ParcelEx,Economy,3,2.0,4.0,Delivered,
906,500906,2,2685,121,23,34,166,172.0,1,NorthCarrier,Express,5,6.0,4.0,Delivered,
907,500907,1,2691,173,25,22,132,139.0,2,ParcelEx,Economy,4,7.0,4.0,Delayed,Weather
908,500908,1,2693,198,25,35,70,73.0,1,ParcelEx,Economy,2,3.0,4.0,Delivered,
909,500909,2,2693,198,25,35,71,75.0,1,LineHaulOne,Ground,3,4.0,4.0,Delivered,
910,500910,1,2694,78,9,27,144,147.0,7,ParcelEx,Economy,2,3.0,11.34,Delayed,Customs
911,500911,1,2703,37,25,28,33,35.0,2,LineHaulOne,Ground,3,2.0,4.0,Delivered,
912,500912,1,2704,165,5,24,148,154.0,2,ParcelEx,Ground,5,6.0,4.0,Delivered,
913,500913,1,2705,130,23,3,159,161.0,1,LineHaulOne,Ground,2,2.0,4.0,Delivered,
914,500914,1,2707,200,14,39,165,167.0,1,NorthCarrier,Economy,2,2.0,4.0,Delivered,
915,500915,1,2711,188,30,35,174,176.0,1,ParcelEx,Ground,3,2.0,4.0,Delivered,
916,500916,1,2716,69,5,21,130,133.0,4,BlueRoad,Ground,3,3.0,4.0,Delivered,
917,500917,1,2717,35,23,27,28,33.0,3,LineHaulOne,Express,5,5.0,5.03,Delivered,
918,500918,1,2718,199,14,13,24,25.0,1,BlueRoad,Economy,1,1.0,4.0,Delivered,
919,500919,1,2719,12,9,39,99,104.0,1,LineHaulOne,Economy,4,5.0,4.0,Delivered,
920,500920,1,2720,144,1,24,153,157.0,1,ParcelEx,Economy,3,4.0,4.0,Delivered,
921,500921,1,2723,62,30,38,70,76.0,1,LineHaulOne,Economy,5,6.0,4.0,Delivered,
922,500922,1,2726,107,23,16,172,175.0,1,NorthCarrier,Express,3,3.0,4.0,Delivered,
923,500923,1,2727,90,5,2,95,97.0,1,ParcelEx,Economy,1,2.0,4.0,Delivered,
924,500924,1,2728,163,23,38,70,73.0,1,ParcelEx,Ground,3,3.0,4.0,Delivered,
925,500925,1,2737,93,5,13,39,47.0,1,BlueRoad,Ground,5,8.0,4.0,Lost,Capacity
926,500926,1,2740,181,23,3,151,156.0,1,NorthCarrier,Ground,5,5.0,4.0,Delivered,
927,500927,1,2742,106,5,16,84,85.0,1,NorthCarrier,Economy,1,1.0,4.0,Delivered,
928,500928,1,2743,70,32,28,9,14.0,1,BlueRoad,Ground,4,5.0,4.0,Delivered,
929,500929,1,2744,93,9,12,115,120.0,2,ParcelEx,Ground,5,5.0,4.0,Delivered,
930,500930,1,2747,4,32,40,52,55.0,1,ParcelEx,Ground,4,3.0,4.0,Delivered,
931,500931,1,2748,75,25,27,126,130.0,1,LineHaulOne,Ground,3,4.0,4.0,Delivered,
932,500932,1,2749,132,30,12,20,24.0,2,LineHaulOne,Economy,3,4.0,4.0,Delivered,
933,500933,1,2750,35,23,33,142,145.0,2,BlueRoad,Ground,3,3.0,4.02,Delivered,
934,500934,1,2751,195,5,22,89,93.0,1,ParcelEx,Ground,3,4.0,4.0,Delayed,HubCongestion
935,500935,1,2752,40,14,35,97,98.0,1,ParcelEx,Ground,2,1.0,4.0,Delivered,
936,500936,1,2753,128,14,33,89,92.0,1,NorthCarrier,Ground,3,3.0,4.0,Delivered,
937,500937,2,2753,128,14,33,89,92.0,3,NorthCarrier,Ground,3,3.0,4.0,Delivered,
938,500938,1,2760,19,25,27,7,11.0,1,LineHaulOne,Ground,4,4.0,4.0,Delivered,
939,500939,1,2761,109,5,10,21,22.0,1,NorthCarrier,Ground,1,1.0,4.0,Delivered,
940,500940,1,2766,136,14,2,165,166.0,1,ParcelEx,Economy,1,1.0,4.0,Delivered,
941,500941,1,2767,159,32,29,45,46.0,1,NorthCarrier,Express,1,1.0,4.0,Delivered,
942,500942,1,2770,71,23,11,178,179.0,1,LineHaulOne,Ground,1,1.0,4.0,Delivered,
943,500943,1,2771,71,25,16,148,153.0,1,NorthCarrier,Ground,4,5.0,4.0,Delivered,
944,500944,1,2776,10,5,13,27,29.0,1,ParcelEx,Economy,3,2.0,4.0,Delivered,
945,500945,2,2776,10,5,13,28,30.0,1,NorthCarrier,Ground,1,2.0,4.0,Delivered,
946,500946,1,2778,83,31,28,11,13.0,1,LineHaulOne,Ground,1,2.0,4.0,Delivered,
947,500947,1,2787,163,14,13,140,143.0,1,ParcelEx,Ground,2,3.0,4.0,Delivered,
948,500948,1,2791,135,1,36,11,12.0,2,ParcelEx,Ground,2,1.0,4.0,Delivered,
949,500949,2,2791,135,1,36,12,13.0,2,NorthCarrier,Economy,2,1.0,4.0,Delivered,
950,500950,1,2792,197,1,27,57,61.0,2,BlueRoad,Ground,3,4.0,4.0,Delivered,
951,500951,1,2796,8,18,29,170,175.0,1,LineHaulOne,Express,5,5.0,4.0,Delivered,
952,500952,1,2799,37,14,12,109,110.0,1,LineHaulOne,Express,2,1.0,4.0,Delivered,
953,500953,1,2805,111,32,29,55,57.0,1,BlueRoad,Ground,2,2.0,4.0,Delivered,
954,500954,1,2807,141,32,28,155,156.0,1,BlueRoad,Ground,1,1.0,4.0,Delivered,
955,500955,1,2812,50,14,11,41,46.0,1,LineHaulOne,Ground,4,5.0,4.0,Delivered,
956,500956,1,2814,43,1,16,161,164.0,2,NorthCarrier,Express,3,3.0,4.0,Delivered,
957,500957,1,2817,92,5,40,110,115.0,2,ParcelEx,Ground,4,5.0,4.0,Delivered,
958,500958,1,2822,181,1,24,103,105.0,1,LineHaulOne,Express,3,2.0,4.0,Delivered,
959,500959,1,2823,77,23,24,138,143.0,1,NorthCarrier,Economy,4,5.0,4.0,Delivered,
960,500960,1,2824,115,30,39,178,180.0,1,NorthCarrier,Ground,4,5.0,4.0,Delivered,
961,500961,1,2832,194,30,16,87,91.0,1,NorthCarrier,Economy,5,4.0,4.0,Delivered,
962,500962,1,2836,135,23,27,31,34.0,1,LineHaulOne,Ground,3,3.0,4.0,Delivered,
963,500963,1,2839,177,23,24,122,126.0,2,NorthCarrier,Ground,3,4.0,4.0,Delivered,
964,500964,1,2844,33,31,24,159,161.0,1,ParcelEx,Economy,1,2.0,4.0,Delivered,
965,500965,1,2850,84,31,16,163,167.0,1,LineHaulOne,Ground,5,4.0,4.0,Delivered,
966,500966,1,2852,88,31,36,57,63.0,1,BlueRoad,Ground,5,6.0,4.0,Delayed,Weather
967,500967,1,2858,101,9,3,159,162.0,1,ParcelEx,Ground,4,3.0,4.0,Delivered,
968,500968,1,2862,35,31,3,75,77.0,1,NorthCarrier,Ground,3,2.0,4.0,Delivered,
969,500969,1,2864,14,18,2,119,120.0,1,NorthCarrier,Ground,1,1.0,4.0,Delivered,
970,500970,1,2866,99,5,3,20,22.0,1,NorthCarrier,Economy,3,2.0,4.0,Delivered,
971,500971,1,2871,128,1,27,63,66.0,1,NorthCarrier,Express,2,3.0,4.0,Delivered,
972,500972,2,2871,128,1,27,62,63.0,1,LineHaulOne,Ground,1,1.0,4.0,Delivered,
973,500973,1,2873,8,9,13,41,44.0,4,NorthCarrier,Ground,4,3.0,6.09,Delivered,
974,500974,1,2877,90,9,16,141,142.0,1,BlueRoad,Ground,1,1.0,4.0,Delivered,
975,500975,1,2881,174,30,16,143,148.0,2,ParcelEx,Ground,4,5.0,4.0,Delivered,
976,500976,1,2885,154,31,37,127,131.0,1,LineHaulOne,Ground,4,4.0,4.0,Delivered,
977,500977,1,2886,72,25,7,106,110.0,1,BlueRoad,Ground,5,4.0,4.0,Delivered,
978,500978,1,2887,180,31,24,142,146.0,1,NorthCarrier,Express,3,4.0,4.0,Delivered,
979,500979,1,2889,151,5,27,30,34.0,1,NorthCarrier,Express,5,4.0,4.0,Delivered,
980,500980,1,2892,29,32,24,135,138.0,1,LineHaulOne,Express,3,3.0,4.0,Delivered,
981,500981,1,2899,153,32,24,78,79.0,3,NorthCarrier,Express,1,1.0,4.59,Delivered,
982,500982,1,2904,128,23,34,43,44.0,1,LineHaulOne,Express,1,1.0,4.0,Delivered,
983,500983,1,2905,114,30,27,78,79.0,1,LineHaulOne,Ground,1,1.0,4.0,Delivered,
984,500984,1,2906,9,32,16,149,150.0,1,ParcelEx,Express,1,1.0,4.0,Delivered,
985,500985,1,2909,81,30,22,130,133.0,1,LineHaulOne,Ground,2,3.0,4.0,Delivered,
986,500986,1,2910,115,9,40,169,172.0,1,NorthCarrier,Ground,4,3.0,4.0,Delivered,
987,500987,1,2911,169,23,33,44,48.0,3,NorthCarrier,Economy,5,4.0,4.0,Delivered,
988,500988,1,2912,3,1,24,86,91.0,1,BlueRoad,Ground,5,5.0,4.0,Delivered,
989,500989,2,2912,3,1,24,86,95.0,1,ParcelEx,Ground,5,9.0,4.0,Delayed,Customs
990,500990,3,2912,3,1,24,85,89.0,1,LineHaulOne,Ground,5,4.0,4.0,Delivered,
991,500991,1,2914,127,23,27,172,177.0,1,BlueRoad,Ground,4,5.0,4.0,Delivered,
992,500992,2,2914,127,23,27,172,175.0,1,NorthCarrier,Ground,3,3.0,4.0,Delivered,
993,500993,1,2929,128,23,16,69,72.0,1,NorthCarrier,Economy,2,3.0,4.0,Delivered,
994,500994,1,2930,31,23,3,60,62.0,1,BlueRoad,Ground,1,2.0,4.0,Delivered,
995,500995,1,2934,174,18,37,168,173.0,1,NorthCarrier,Ground,4,5.0,4.0,Delayed,Weather
996,500996,1,2936,14,31,27,67,68.0,1,NorthCarrier,Ground,1,1.0,4.0,Delivered,
997,500997,1,2937,39,5,27,50,54.0,1,BlueRoad,Express,3,4.0,4.0,Delivered,
998,500998,1,2943,73,32,24,52,53.0,1,LineHaulOne,Ground,1,1.0,4.0,Delivered,
999,500999,1,2945,156,5,34,31,40.0,1,BlueRoad,Ground,5,9.0,4.0,Delayed,Customs
1000,501000,1,2949,116,14,10,96,99.0,1,NorthCarrier,Ground,4,3.0,4.0,Delivered,
1001,501001,1,2950,40,23,13,89,90.0,1,LineHaulOne,Ground,1,1.0,4.0,Delivered,
1002,501002,1,2953,128,30,39,39,40.0,3,NorthCarrier,Ground,1,1.0,5.62,Delivered,
1003,501003,1,2954,134,14,2,62,66.0,3,NorthCarrier,Express,4,4.0,4.64,Delivered,
1004,501004,1,2955,140,32,8,159,161.0,1,LineHaulOne,Economy,3,2.0,4.0,Delivered,
1005,501005,1,2957,166,30,8,48,55.0,2,LineHaulOne,Economy,3,7.0,4.0,Delayed,Customs
1006,501006,1,2962,199,31,8,111,112.0,1,ParcelEx,Ground,1,1.0,4.0,Delivered,
1007,501007,1,2965,65,14,39,119,122.0,1,BlueRoad,Economy,2,3.0,4.0,Delivered,
1008,501008,1,2968,102,9,13,180,180.0,1,NorthCarrier,Economy,2,3.0,4.0,Delivered,
1009,501009,1,2969,43,32,22,93,99.0,1,NorthCarrier,Ground,5,6.0,4.0,Delivered,
1010,501010,1,2970,46,18,33,79,84.0,1,NorthCarrier,Ground,4,5.0,4.0,Delayed,Capacity
1011,501011,1,2971,169,30,27,154,155.0,3,LineHaulOne,Ground,2,1.0,4.0,Delivered,
1012,501012,1,2972,131,30,16,44,49.0,1,ParcelEx,Ground,4,5.0,4.0,Delivered,
1013,501013,1,2976,151,9,28,9,10.0,1,BlueRoad,Ground,2,1.0,4.0,Delivered,
1014,501014,1,2977,5,25,24,67,72.0,2,LineHaulOne,Ground,4,5.0,4.0,Delayed,HubCongestion
1015,501015,1,2979,66,30,36,120,121.0,2,ParcelEx,Ground,2,1.0,4.0,Delivered,
1016,501016,1,2981,166,1,3,123,128.0,1,NorthCarrier,Ground,4,5.0,4.0,Delivered,
1017,501017,1,2997,158,9,20,94,96.0,2,LineHaulOne,Ground,1,2.0,4.0,Delivered,
1018,501018,2,2997,158,9,20,94,98.0,1,NorthCarrier,Express,5,4.0,4.0,Delivered,
1019,501019,3,2997,158,9,20,94,98.0,1,BlueRoad,Ground,5,4.0,4.0,Delivered,
1020,501020,1,2998,50,14,28,36,45.0,2,NorthCarrier,Express,5,9.0,4.0,Delayed,Weather
1021,501021,1,2999,118,1,27,95,97.0,1,BlueRoad,Ground,1,2.0,4.0,Delivered,
